"first_name","last_name","games","starts","minutes","points","two_points_made","two_points_attempted","three_points_made","three_points_attempted","free_throws_made","free_throws_attempted","blocked_shot_attempts","offensive_rebounds","defensive_rebounds","assists","screen_assists","turnovers","steals","deflections","loose_balls_recovered","blocked_shots","personal_fouls","personal_fouls_drawn","charges_drawn","technical_fouls","flagrant_fouls","possessions","team_possessions","age","nba"
"abdoulaye","mays",16,14,359.09,112,30,74,13,29,13,22,7,34,69,14,0,25,17,0,0,13,38,25,0,0,0,603.5207,1084.0514,30,0
"abdul","flynn",52,18,1098.18,625,102,183,116,241,73,83,18,12,62,84,0,67,23,0,0,1,94,90,0,0,0,1859.4422,4275.727,25,1
"adiguzel","auguste",37,28,974.98,508,80,181,88,206,84,98,17,8,101,65,0,54,22,0,0,2,75,97,0,0,0,1765.8553,2904.9223,25,0
"agbelese","butterfield",2,0,33.38,12,2,7,1,3,5,6,0,1,4,13,0,6,3,0,0,0,5,5,0,0,0,61.2923,734.4944,29,0
"ager","koenig",43,43,1108,598,233,446,1,6,129,196,23,161,215,39,0,58,22,0,0,14,137,195,0,0,0,2046.3889,3232.1124,28,0
"ahearn","barnies",5,0,79.52,25,4,20,5,17,2,7,1,0,7,4,0,7,2,0,0,0,11,8,0,0,0,142.0009,1142.8748,27,0
"ahmad","rice",3,1,31.26,15,6,7,0,0,3,5,0,0,6,0,0,0,2,0,0,3,5,7,0,0,0,53.4837,410.6237,21,1
"ahmet","ridnour",9,4,159.33,31,8,19,1,8,12,20,1,2,8,21,0,17,8,0,0,0,13,19,0,0,0,269.2853,1962.2319,29,0
"al","garuba",18,2,327.08,111,12,28,20,73,27,35,1,16,45,19,0,12,13,0,0,2,44,40,0,0,0,567.3011,2081.3264,36,0
"alando","nedovic",2,0,26.75,14,4,6,1,4,3,4,0,0,1,1,0,2,0,0,0,0,1,3,0,0,0,46.7968,1128.3718,23,0
"albert","carroll",18,10,456.85,155,65,108,0,2,25,48,2,30,47,28,0,22,23,0,0,12,53,69,0,0,0,779.9365,2065.7281,30,0
"aldemir","kalaitzakis",2,2,39.7,20,5,11,3,6,1,2,0,1,6,1,0,2,1,0,0,6,8,6,0,0,0,69.4258,1337.8054,31,0
"aleksandar","love",29,20,802.12,350,97,172,26,75,78,114,12,54,193,56,0,44,38,0,0,20,66,103,0,0,0,1385.4178,2038.0834,27,1
"alexis","macura",8,6,187.41,92,22,54,11,25,15,17,3,8,38,6,0,15,3,0,0,1,19,23,0,0,0,323.3267,698.7176,35,0
"ali","bass",41,4,673.26,337,117,186,14,38,61,82,6,41,129,20,0,55,21,0,0,39,86,72,0,0,0,1221.0577,4389.9309,26,0
"alize","redick",5,0,56.77,24,8,10,0,0,8,13,0,4,3,2,0,1,4,0,0,5,9,10,0,0,0,101.625,1145.6832,27,0
"almazan","koufos",9,4,172,38,5,21,6,24,10,13,0,6,24,7,0,9,4,0,0,2,15,6,0,0,0,310.5938,2175.9622,28,0
"alonzo","dooling",23,9,540.52,193,57,131,17,57,28,38,7,9,47,85,0,45,20,0,0,1,70,62,0,0,0,939.6183,1686.2195,32,0
"alviti","pasecniks",21,19,444.3,162,68,117,0,0,26,49,3,30,81,13,0,35,13,0,0,29,58,55,0,0,0,832.1825,2577.2296,30,0
"amal","terry",6,6,143,60,20,35,4,13,8,18,1,8,22,6,0,15,4,0,0,5,18,18,0,0,0,267.2965,2243.0472,29,0
"amar","white",1,0,3.85,0,0,1,0,0,0,0,0,0,0,1,0,0,0,0,0,0,0,0,0,0,0,7.0924,1768.5673,31,0
"andersen","oni",21,20,496.16,187,78,141,0,0,31,58,8,57,105,23,0,45,13,0,0,16,65,86,0,0,0,863.3728,2383.9329,32,0
"anderson","campbell",44,14,714.33,364,130,213,23,68,35,52,12,80,158,26,0,31,15,0,0,25,91,47,0,0,0,1249.7835,4241.6615,26,0
"andre","morant",53,52,1426.67,1007,219,352,90,274,299,338,18,81,244,81,0,100,61,0,0,26,103,273,0,0,0,2610.9,4489.7492,29,0
"andrew","varejao",20,1,336.77,134,28,68,19,47,21,21,3,4,18,62,0,52,8,0,0,1,28,31,0,0,0,598.8304,1707.0141,38,0
"angola","chiozza",11,6,261,73,17,42,9,26,12,20,0,13,48,8,0,14,5,0,0,0,24,18,0,0,0,475.0562,2193.2672,36,0
"antawn","saric",9,6,132.17,39,14,33,0,1,11,14,4,9,13,0,0,15,1,0,0,2,19,13,0,0,0,241.4132,2529.7114,29,0
"antic","wilbekin",10,10,330.92,184,39,68,27,62,25,33,4,6,22,61,0,27,7,0,0,0,19,33,0,0,0,611.4456,757.5591,31,0
"antoine","layman",28,26,764,265,47,118,44,138,39,47,5,11,66,39,0,44,42,0,0,7,88,68,0,0,0,1338.9508,2287.0823,26,0
"armstrong","stanley",2,0,52.8,23,6,14,0,0,11,17,0,1,6,3,0,3,0,0,0,1,3,14,0,0,0,91.9176,844.3259,29,0
"aron","roos",20,10,429.53,260,85,146,0,0,90,110,6,38,63,26,0,24,6,0,0,10,39,90,0,0,0,763.4995,1990.8117,32,0
"ashton","holiday",2,0,32.45,10,2,7,2,5,0,0,0,4,4,1,0,2,1,0,0,0,3,1,0,0,0,56.0885,2350.6905,31,0
"asik","onuaku",6,5,119,45,20,42,0,0,5,7,2,11,22,1,0,15,5,0,0,5,12,9,0,0,0,218.4473,2799.4294,31,0
"augustine","elleby",7,3,143,22,3,23,2,20,10,11,2,2,11,11,0,7,5,0,0,1,12,14,0,0,0,265.2755,2235.3637,26,0
"babb","wear",34,34,945.39,456,128,278,31,103,107,138,11,37,119,54,0,50,25,0,0,32,79,131,0,0,0,1744.4396,2517.9907,27,0
"babbitt","dupree",6,6,182.44,93,31,62,7,22,10,13,4,5,16,24,0,13,4,0,0,0,11,17,0,0,0,318.6662,2096.0426,32,0
"badji","dotson",10,2,178.08,61,11,16,10,31,9,14,1,6,15,6,0,10,3,0,0,2,17,13,0,0,0,319.2937,1156.4713,32,0
"balcerowski","lountzis",30,30,884,549,122,225,66,197,107,133,8,19,62,59,0,92,43,0,0,0,93,143,0,0,0,1687.5887,2300.3895,26,1
"balvin","ceballos",2,2,35.83,11,4,8,1,5,0,0,0,0,1,3,0,3,1,0,0,0,7,2,0,0,0,66.5544,1040.2033,26,0
"bam","slay",10,8,313.51,120,47,77,3,12,17,32,4,12,59,16,0,29,14,0,0,7,30,42,0,0,0,573.7992,732.0822,32,0
"banks","scrubb",2,0,20.63,6,0,3,1,2,3,4,0,1,3,0,0,3,3,0,0,0,2,5,0,0,0,37.5002,736.1738,26,0
"baron","lacombe",26,15,534.16,196,64,132,18,51,14,19,4,25,85,12,0,25,18,0,0,2,70,23,0,0,0,946.6976,2410.3392,26,0
"bartoli","catanella",2,0,23.1,2,1,5,0,3,0,0,2,1,3,1,0,3,2,0,0,2,5,1,0,0,0,41.2195,4297.4246,35,0
"baston","seeley",7,4,149.44,52,15,34,3,8,13,21,5,4,17,11,0,7,6,0,0,0,13,22,0,0,0,265.2326,1144.7633,25,0
"batiste","cassell",28,20,730.53,316,69,114,44,118,46,69,7,20,89,34,0,29,30,0,0,9,42,71,0,0,0,1247.1644,2065.7281,29,0
"baxter","balvin",6,0,70.75,16,6,16,0,0,4,8,0,4,13,2,0,6,1,0,0,3,8,5,0,0,0,126.8928,2466.1212,34,0
"beau","tambone",18,16,504.38,223,61,117,21,65,38,51,5,6,32,93,0,33,13,0,0,1,49,59,0,0,0,883.7419,5037.1559,28,0
"bellas","sahar",34,24,881.09,389,122,224,39,127,28,37,21,81,122,21,0,36,33,0,0,21,76,34,0,0,0,1594.8026,2461.6567,25,1
"ben","yanyuhang",12,2,210.31,51,11,23,7,18,8,11,4,4,15,20,0,14,3,0,0,0,26,15,0,0,0,381.8025,2114.9654,34,0
"benson","dozier",33,32,882,197,48,101,22,81,35,43,1,30,127,85,0,41,31,0,0,34,58,49,0,0,0,1660.4097,2513.2052,35,0
"benzing","mancinelli",12,2,166.07,62,8,20,6,15,28,37,0,18,16,5,0,7,1,0,0,5,29,31,0,0,0,296.099,1143.3911,32,0
"beverley","nwora",20,8,349.16,97,20,44,14,54,15,23,8,11,22,38,0,16,7,0,0,4,25,33,0,0,0,621.962,2137.5855,27,0
"biancotto","raieste",12,5,243.48,102,19,40,19,51,7,7,1,2,27,9,0,10,6,0,0,0,25,11,0,0,0,434.6895,2579.8114,24,1
"bilan","english",28,24,676.52,361,145,277,0,0,71,95,22,62,127,71,0,71,37,0,0,16,60,105,0,0,0,1175.1455,2093.1181,30,0
"biordi","baron",29,28,743.35,420,79,177,54,147,100,116,16,12,73,123,0,77,28,0,0,1,73,130,0,0,0,1352.5135,2183.3701,27,0
"birch","harkless",28,7,422.13,158,45,90,13,49,29,43,8,26,50,24,0,18,16,0,0,3,50,30,0,0,0,721.7726,2376.65,27,0
"bismack","quinn",5,1,87.43,29,8,12,3,12,4,6,3,2,10,3,0,5,3,0,0,1,11,4,0,0,0,155.6808,1148.5019,31,0
"blackmon jr.","barkley",41,41,1322,475,81,170,74,205,91,111,12,59,230,64,0,119,54,0,0,15,93,102,0,0,0,2419.7297,3020.0863,33,0
"blake","blakeney",8,6,235.01,94,25,42,7,23,23,26,2,6,23,7,0,12,3,0,0,2,18,22,0,0,0,404.8103,706.2416,33,0
"blalock","sharapov",13,7,282.93,150,45,80,11,34,27,37,4,13,31,24,0,19,9,0,0,5,20,31,0,0,0,503.7948,1148.5019,29,0
"blazic","canaan",34,12,774.63,422,100,210,46,128,84,101,7,23,135,55,0,67,34,0,0,15,98,118,0,0,0,1384.807,3012.0045,32,0
"blue","richmond",27,12,547.58,287,38,94,56,136,43,54,12,8,58,33,0,45,15,0,0,3,51,43,0,0,0,975.8427,2085.0472,27,0
"blums","sefolosha",22,4,271.24,83,13,27,16,40,9,9,1,13,19,17,0,12,8,0,0,2,41,14,0,0,0,488.7142,2171.124,27,0
"bo","maloney",28,1,528.4,281,41,108,52,132,43,63,10,14,54,41,0,43,29,0,0,4,60,67,0,0,0,959.2717,2114.9654,24,0
"bonzie","landers",31,22,992.86,376,150,256,0,1,76,118,7,76,165,68,0,38,30,0,0,68,64,116,0,0,0,1691.7148,2402.4885,30,0
"borisa","ha",10,5,232.35,113,10,21,29,70,6,7,2,1,10,12,0,5,3,0,0,0,18,7,0,0,0,397.3387,1103.013,29,0
"boumtje-boumtje","shields",16,7,311.36,119,14,29,21,56,28,35,3,7,43,17,0,17,11,0,0,2,24,27,0,0,0,577.3397,3038.3748,37,0
"bracey","upson",24,18,538.7,281,74,134,29,72,46,49,7,36,102,35,0,36,12,0,0,11,61,57,0,0,0,960.4383,1729.3736,22,1
"brackins","vassell",8,8,236,128,28,62,11,51,39,46,1,5,24,12,0,25,15,0,0,1,26,32,0,0,0,451.3391,1616.0234,25,0
"brady","sanders",8,2,163.26,98,15,31,18,45,14,17,1,2,8,18,0,7,6,0,0,1,22,19,0,0,0,289.3966,2127.1451,32,0
"brandin","zimmerman",15,9,316.65,141,30,69,20,54,21,28,4,1,14,30,0,18,2,0,0,0,35,29,0,0,0,570.7368,1153.5678,29,0
"branko","richardson",23,9,446.52,216,43,87,26,87,52,77,17,7,33,31,0,27,15,0,0,0,45,83,0,0,0,807.1533,5241.0452,31,0
"bray","baldwin",26,21,621.7,222,40,66,36,92,34,48,5,11,83,39,0,49,36,0,0,8,46,41,0,0,0,1101.2153,2152.1399,30,0
"brevin","sokolowski",16,1,299.89,155,30,51,28,41,11,14,1,5,39,13,0,13,5,0,0,3,33,17,0,0,0,527.3344,1169.3322,29,0
"brice","reiner",10,9,261.34,138,30,67,19,55,21,29,5,16,35,14,0,21,4,0,0,3,25,28,0,0,0,471.2103,721.2362,27,0
"brody","miller",33,1,555.58,152,58,97,0,0,36,68,7,70,124,33,0,58,14,0,0,14,91,55,0,0,0,962.5191,4545.4563,34,0
"bronson","hannahs",1,0,16.23,7,3,5,0,2,1,3,1,1,1,1,0,2,1,0,0,0,3,3,0,0,0,27.716,691.6252,34,0
"brown","franklin",3,1,73.74,35,5,17,5,14,10,12,1,3,9,6,0,11,2,0,0,0,9,10,0,0,0,137.2979,903.0305,24,0
"bryant","enoch",21,21,528,199,84,142,4,15,19,36,7,35,112,25,0,29,18,0,0,14,50,37,0,0,0,975.2726,1708.5742,28,0
"bryce","mcilvaine",23,23,642.16,184,28,54,34,94,26,38,4,4,30,166,0,41,30,0,0,0,51,57,0,0,0,1142.6811,2028.5614,38,0
"burks","eddie",39,7,481.91,224,58,104,23,58,39,49,11,25,35,11,0,19,11,0,0,4,38,39,0,0,0,842.7527,4241.6615,30,0
"burrell","fredette",25,11,472.92,208,54,84,22,50,34,40,8,36,76,29,0,21,8,0,0,11,61,44,0,0,0,852.0967,2171.124,28,1
"butterfield","dawson",29,28,831,269,48,121,47,142,32,39,4,18,75,94,0,45,45,0,0,0,64,60,0,0,0,1503.1183,2179.612,34,0
"calderon","laquintana",5,0,8.18,2,1,1,0,2,0,0,0,0,0,2,0,1,1,0,0,0,4,0,0,0,0,14.6086,1142.9721,22,0
"calvin","roberts",31,14,426.65,214,89,115,0,0,36,70,4,37,72,6,0,29,8,0,0,24,58,53,0,0,0,748.7588,4637.7909,30,0
"candan","williams",5,3,115.82,45,8,25,7,21,8,16,2,6,13,6,0,6,2,0,0,0,7,15,0,0,0,203.3212,702.1972,32,0
"carrington","sloan",37,26,854.76,305,25,55,69,158,48,54,1,20,77,37,0,35,18,0,0,20,117,49,0,0,0,1584.2731,5256.8411,24,1
"casarin","luwawu-cabarrot",6,6,180.71,73,8,15,15,30,12,20,1,3,21,17,0,9,8,0,0,3,20,27,0,0,0,298.5388,925.1349,25,1
"catanella","hannah",16,4,277.51,135,58,91,0,0,19,53,3,45,55,5,0,18,4,0,0,15,50,46,0,0,0,495.9639,1161.6719,27,1
"cattapan","thompson",2,2,56.7,29,6,14,4,14,5,6,0,0,5,12,0,8,0,0,0,0,2,8,0,0,0,103.5278,730.6104,35,0
"cezary","mckey",28,10,624.43,176,32,73,29,78,25,33,5,31,68,27,0,15,10,0,0,6,54,38,0,0,0,1041.6162,2035.0875,26,0
"chappell","kukoc",7,6,163,73,23,53,6,16,9,17,4,0,7,20,0,14,2,0,0,0,18,20,0,0,0,303.3791,2261.3843,24,0
"charalampopoulos","may",15,15,379.25,208,60,101,13,36,49,66,5,18,49,25,0,22,38,0,0,5,36,48,0,0,0,698.9048,1197.8666,26,1
"chasson","munoz",15,11,289.79,113,37,68,10,33,9,18,5,2,25,40,0,13,6,0,0,0,22,20,0,0,0,526.0926,2114.9654,29,0
"cheese","maten",30,25,663,308,129,227,0,1,50,68,15,81,129,29,0,49,19,0,0,14,97,62,0,0,0,1197.5182,2203.5781,26,0
"christian","evstigneev",10,7,221.95,63,14,36,6,21,17,17,2,8,19,24,0,12,4,0,0,1,23,14,0,0,0,382.8888,707.2964,26,0
"christmas","clarke",6,6,150.8,36,7,19,5,16,7,10,5,4,21,10,0,5,2,0,0,3,11,18,0,0,0,259.5451,421.6782,32,0
"cissoko","abromaitis",9,2,101.76,32,9,19,3,9,5,7,3,5,11,2,0,9,1,0,0,7,21,7,0,0,0,185.8682,2529.7114,27,0
"clarke","cross",27,1,298.84,69,9,27,13,35,12,15,1,5,20,23,0,23,17,0,0,2,27,20,0,0,0,532.563,2085.0472,27,0
"clavell","moreland",21,4,289.83,100,12,28,21,50,13,18,3,14,25,1,0,10,2,0,0,3,39,17,0,0,0,533.9193,1768.5673,29,0
"cleaves","rucker",19,16,450.16,167,49,110,11,39,36,64,5,20,53,27,0,46,11,0,0,17,45,54,0,0,0,835.2443,1651.3739,31,0
"cliff","giricek",4,1,80.59,45,16,32,1,10,10,17,2,4,7,18,0,9,2,0,0,0,5,12,0,0,0,152.581,2224.6724,27,0
"coby","arenas",13,11,212.18,120,13,30,26,52,16,22,1,2,32,15,0,15,4,0,0,0,25,24,0,0,0,380.4342,1156.4713,28,0
"colson","guerrero",1,0,3.18,5,0,0,1,1,2,2,0,0,1,0,0,1,0,0,0,0,0,1,0,0,0,6.032,1213.9926,26,0
"conklin","coleman",49,24,937.96,348,108,181,28,103,48,59,10,66,142,54,0,47,27,0,0,9,89,63,0,0,0,1734.1392,5360.4987,29,0
"conroy","mashburn",43,14,896.73,364,82,170,43,117,71,83,6,13,67,103,0,71,30,0,0,1,77,104,0,0,0,1649.5012,3454.3434,25,0
"conti","forbes",26,26,810.45,557,88,186,83,252,132,148,15,6,63,162,0,102,24,0,0,10,53,135,0,0,0,1460.2507,2171.124,32,0
"coronica","ebi",42,30,709.86,256,43,94,50,115,20,31,3,24,81,16,0,26,15,0,0,2,88,32,0,0,0,1296.648,3379.0779,27,0
"cotton","clyburn",22,20,542.28,248,50,86,34,119,46,57,11,0,26,102,0,58,8,0,0,0,33,63,0,0,0,960.5389,2152.1399,38,0
"cummings","kelley",15,11,324.82,163,41,82,21,63,18,25,7,5,20,30,0,20,16,0,0,0,34,35,0,0,0,586.2151,2489.7807,27,0
"cunningham","moultrie",36,25,939.96,408,88,192,40,120,112,131,20,21,76,138,0,53,48,0,0,2,84,130,0,0,0,1549.881,2407.3809,29,1
"curtis","sola",22,7,269.31,106,36,73,0,0,34,59,7,23,36,7,0,24,8,0,0,5,55,45,0,0,0,490.5692,2950.8991,24,0
"czerapowicz","coker",20,20,526.33,300,130,211,0,5,40,73,7,60,117,11,0,35,11,0,0,18,65,77,0,0,0,945.9875,1446.8453,34,0
"d'ercole","alonso",47,37,995.2,383,146,224,0,1,91,131,11,94,178,17,0,43,22,0,0,37,127,124,0,0,0,1769.9297,3722.2186,27,0
"d'or","parrado",4,2,86,26,3,15,3,16,11,12,1,0,14,8,0,10,3,0,0,0,13,9,0,0,0,157.9211,2249.4581,32,0
"dakari","bassas",8,4,198.85,99,18,36,19,44,6,6,0,2,16,18,0,19,4,0,0,0,14,12,0,0,0,363.0776,730.6104,25,0
"dallas","mockevicius",35,34,649.34,249,52,109,36,106,37,47,8,29,68,26,0,19,21,0,0,3,63,51,0,0,0,1177.6086,2575.244,22,1
"damian","roll",23,1,425,136,31,79,20,55,14,16,6,14,49,34,0,29,17,0,0,2,20,29,0,0,0,775.9696,2200.1019,35,0
"damion","mottola",16,16,497.78,255,28,59,44,116,67,78,3,8,38,44,0,37,18,0,0,5,42,81,0,0,0,874.492,1147.18,26,0
"daniel","kornet",9,0,40.61,8,3,10,0,1,2,4,1,4,0,1,0,4,0,0,0,0,5,2,0,0,0,72.8534,1736.8499,18,1
"daniels","brimah",24,24,654.95,398,149,239,0,0,100,128,13,83,173,24,0,33,9,0,0,21,36,110,0,0,0,1176.4401,1744.149,27,1
"danilo","spellman",4,0,41,11,4,6,0,2,3,4,0,6,5,0,0,5,2,0,0,0,4,2,0,0,0,74.8582,2200.1019,34,0
"daquan","poeta",10,10,262.42,138,54,92,0,0,30,43,6,39,59,5,0,25,5,0,0,5,30,43,0,0,0,450.3115,686.4016,27,1
"dario","pleiss",13,2,204.94,63,15,29,9,33,6,9,2,3,8,15,0,11,5,0,0,0,12,10,0,0,0,349.4927,963.5215,32,0
"darrell","woodard",37,21,670.01,269,103,165,0,0,63,98,15,83,126,12,0,38,18,0,0,36,74,79,0,0,0,1170.0016,2593.1946,26,1
"darren","vidmar",16,0,354.41,139,12,32,29,68,28,33,0,8,20,25,0,22,11,0,0,7,24,29,0,0,0,634.436,1145.6832,27,0
"darryl","durant",34,14,759.94,301,97,190,15,73,62,93,12,16,55,133,0,93,42,0,0,4,96,137,0,0,0,1329.8381,2388.6688,23,1
"daryl","adel",56,47,1246.36,753,252,450,50,118,99,132,19,103,205,46,0,62,54,0,0,44,108,130,0,0,0,2153.4224,3974.8061,26,0
"datome","cissoko",45,12,1010.86,461,59,126,84,201,91,126,5,10,80,194,0,102,29,0,0,3,127,145,0,0,0,1848.8609,4489.7492,31,0
"daum","wright",25,14,585.42,311,71,154,36,97,61,69,7,17,82,22,0,43,12,0,0,2,60,65,0,0,0,1042.1876,2278.9482,37,0
"daval-braquet","huffman",35,17,778.17,329,60,96,50,107,59,70,6,12,57,77,0,42,32,0,0,8,72,71,0,0,0,1296.7422,2357.9389,24,0
"dave","devecchi",17,2,214.52,78,13,36,7,23,31,36,3,1,19,43,0,25,8,0,0,0,12,33,0,0,0,368.3996,2292.6227,24,0
"davidson","ndoye",5,1,122.46,53,23,37,0,0,7,17,1,15,21,11,0,16,3,0,0,7,13,14,0,0,0,226.0203,738.2516,27,0
"davies","diogu",9,0,91.48,39,9,24,5,13,6,8,1,5,7,5,0,11,6,0,0,0,18,5,0,0,0,164.0728,2466.1212,29,0
"davon","basden",16,9,359.03,172,38,99,17,37,45,53,4,28,52,9,0,23,15,0,0,15,43,45,0,0,0,647.1234,1153.5678,25,0
"de'aaron","bluiett",27,22,473.67,186,85,135,0,2,16,24,2,42,86,6,0,27,10,0,0,25,53,23,0,0,0,866.8098,2232.5655,23,0
"de nicolao","bremer",29,6,635.93,197,61,131,15,36,30,38,8,29,95,31,0,27,27,0,0,5,77,52,0,0,0,1108.1416,2091.0703,27,0
"deandre","deck",7,1,65.2,49,14,33,2,12,15,22,5,2,6,6,0,6,2,0,0,1,10,15,0,0,0,115.5743,2127.1451,26,0
"deandre'","rey",4,3,49.93,6,3,12,0,0,0,0,2,2,7,1,0,3,2,0,0,0,9,1,0,0,0,93.695,910.1157,34,0
"dejuan","cheese",6,6,199.72,84,29,53,5,10,11,17,2,10,37,8,0,7,9,0,0,7,11,16,0,0,0,357.7331,429.8887,27,0
"dekker","pauli",13,0,218.52,51,9,36,8,29,9,13,4,1,13,57,0,17,7,0,0,0,27,21,0,0,0,399.3654,5866.3636,30,0
"del val garcia","datome",6,1,143.54,88,32,54,0,1,24,36,0,7,20,3,0,21,5,0,0,2,19,26,0,0,0,266.9368,446.3241,30,0
"delfino","irving",10,9,210.99,117,50,79,2,9,11,22,1,14,52,7,0,7,7,0,0,17,19,19,0,0,0,405.8263,769.3639,26,0
"delgado","gallo",49,0,511.55,255,36,82,52,136,27,35,6,11,88,9,0,25,5,0,0,10,65,34,0,0,0,926.4082,5646.0016,38,0
"delia","parrillo",30,13,685.97,193,40,74,30,73,23,33,1,13,78,88,0,38,23,0,0,2,56,62,0,0,0,1185.9525,2091.9319,27,1
"dellosto","gaspardo",37,34,1060,542,140,282,65,211,67,95,23,38,114,57,0,61,26,0,0,9,81,95,0,0,0,1874.044,2651.9491,33,0
"demitrius","garcia",4,0,74,32,4,16,2,8,18,26,0,2,8,13,0,11,1,0,0,0,13,23,0,0,0,134.9684,2115.7204,33,0
"denis","satoransky",10,10,328.03,158,44,81,9,27,43,58,2,8,32,53,0,36,22,0,0,11,14,55,0,0,0,615.5572,910.1157,27,0
"derek","dickau",6,0,64,31,6,10,4,5,7,12,0,5,12,3,0,4,3,0,0,1,9,9,0,0,0,115.5471,1372.1367,34,0
"deri","mutombo",4,0,76.83,36,5,13,7,17,5,6,1,2,5,4,0,8,3,0,0,0,8,4,0,0,0,138.3082,720.0703,27,0
"devonte","bretzel",13,5,236.83,137,29,47,17,43,28,33,2,15,36,10,0,12,7,0,0,7,29,30,0,0,0,410.1511,1948.3137,29,0
"dewan","forrest",1,0,16.42,6,2,8,0,1,2,2,1,1,2,1,0,2,0,0,0,0,2,1,0,0,0,28.7308,1705.9953,27,0
"deyonta","carlson",2,0,13.93,2,1,4,0,1,0,0,0,0,1,1,0,0,3,0,0,0,1,1,0,0,0,25.2627,2575.244,20,1
"dez","balkman",43,34,1229.67,521,72,185,94,261,95,116,5,36,123,86,0,66,57,0,0,2,100,119,0,0,0,2314.9927,3470.5047,34,0
"diawara","dulkys",14,13,236,118,51,86,0,1,16,28,3,32,55,6,0,18,14,0,0,4,32,30,0,0,0,430.4397,2115.7204,28,0
"dickens","cummings",33,26,599.01,250,58,133,26,86,56,63,8,11,84,34,0,39,28,0,0,6,39,41,0,0,0,1090.9429,3281.1655,28,0
"dijon","stojakovic",9,2,69.38,20,1,2,6,12,0,0,0,2,1,2,0,1,3,0,0,0,17,1,0,0,0,126.9645,2232.5655,34,0
"dimec","heath",19,11,467,148,17,45,36,85,6,17,2,16,42,20,0,25,15,0,0,1,30,19,0,0,0,893.0193,2332.9411,29,0
"dimitrijevic","giles",6,0,70.15,51,9,15,11,14,0,0,0,2,10,0,0,4,0,0,0,3,7,0,0,0,0,122.4176,4637.3362,29,0
"dimitriy","douby",6,1,94.82,25,4,11,5,22,2,2,1,0,14,5,0,7,2,0,0,1,9,3,0,0,0,175.4091,3517.4322,34,0
"dimsa","sajus",15,4,200.27,58,13,24,9,25,5,7,1,10,16,4,0,8,6,0,0,7,20,6,0,0,0,347.878,2093.1181,29,0
"dj","brogdon",19,1,278.34,121,22,58,15,42,32,33,8,17,45,18,0,9,10,0,0,4,48,36,0,0,0,501.0981,2142.3753,26,0
"djurisic","adiguzel",16,15,383.56,173,34,73,24,58,33,42,5,8,40,21,0,21,8,0,0,2,38,35,0,0,0,682.98,1148.5019,30,0
"dolinin","crispin",14,0,252.65,88,10,24,15,47,23,27,2,5,25,21,0,18,10,0,0,2,26,30,0,0,0,454.0949,1446.8453,29,0
"dominic","rose",2,0,29.15,13,4,11,0,4,5,6,1,2,3,3,0,3,1,0,0,1,2,3,0,0,0,50.721,1270.2267,30,0
"doncic","mathiang",21,3,291.78,120,15,40,19,44,33,45,5,2,26,30,0,18,9,0,0,0,30,48,0,0,0,489.1731,1954.8013,32,0
"donell","lavine",22,22,610.69,273,80,169,26,88,35,56,9,34,111,31,0,30,13,0,0,23,39,51,0,0,0,1117.1622,2131.2336,33,0
"donnell","jacobson",15,0,225.42,59,14,26,8,26,7,11,4,10,18,17,0,16,11,0,0,1,39,12,0,0,0,396.6323,2129.0437,30,0
"donta","ferrell",10,1,229.58,76,17,38,10,30,12,14,7,9,35,22,0,16,14,0,0,5,24,14,0,0,0,423.728,738.2516,29,0
"dorell","lue",10,7,165.37,80,29,55,0,0,22,36,4,21,21,7,0,13,3,0,0,9,22,38,0,0,0,299.8645,725.3106,29,0
"doron","buckner",16,4,248.25,106,15,27,21,55,13,15,1,11,33,11,0,18,4,0,0,0,19,12,0,0,0,433.1896,1116.7793,20,1
"dorsey","mayo",63,56,1425.34,588,113,253,92,258,86,124,16,28,98,122,0,96,57,0,0,6,141,148,0,0,0,2588.8894,4666.7672,34,0
"douglas","sanchez",24,8,384,154,32,61,23,78,21,28,2,15,45,43,0,21,11,0,0,4,49,31,0,0,0,707.0832,2679.1824,32,0
"douglas-roberts","eyenga",9,9,286,181,48,83,14,49,43,52,1,0,29,16,0,38,15,0,0,2,18,52,0,0,0,514.4499,2311.4269,27,0
"drell","thornwell",44,5,394.98,153,55,139,0,0,43,57,10,39,52,8,0,21,15,0,0,10,45,77,0,0,0,686.8962,4046.5787,28,0
"duane","gintvainis",17,1,162.38,63,29,53,0,0,5,9,3,21,27,4,0,5,8,0,0,6,27,14,0,0,0,289.3775,2085.0472,31,0
"dudzinski","samb",44,4,814.12,301,14,45,78,206,39,50,0,14,81,82,0,25,38,0,0,8,50,66,0,0,0,1477.7699,4389.9309,35,0
"dunston","newble",7,6,188.07,80,20,37,7,14,19,30,5,6,36,6,0,12,15,0,0,3,21,27,0,0,0,329.2305,1146.6228,28,0
"dupree","randolph",35,33,908.47,256,56,117,36,92,36,45,4,40,104,56,0,35,34,0,0,20,101,84,0,0,0,1513.8741,2357.9389,28,1
"dwayne","augustin",4,4,114.8,45,12,25,6,14,3,4,2,6,15,4,0,5,4,0,0,1,7,3,0,0,0,210.8376,734.6112,28,0
"e'twaun","ken",10,5,234,85,6,18,20,46,13,16,0,5,15,48,0,12,6,0,0,0,8,23,0,0,0,429.3492,1614.6464,38,0
"edney","matthew",4,0,42.64,17,8,13,0,0,1,3,0,4,9,2,0,6,1,0,0,1,10,7,0,0,0,76.8278,2171.124,29,0
"edo","beliauskas",28,16,400.21,98,22,40,14,44,12,16,2,21,69,9,0,9,8,0,0,4,23,21,0,0,0,698.1031,2101.9355,31,0
"edwin","holman",16,4,253.26,93,27,45,11,32,6,8,1,14,18,10,0,9,4,0,0,2,28,8,0,0,0,434.3243,1097.9833,27,0
"efthimios","laprovittola",10,9,297.47,152,56,98,8,29,16,21,5,11,39,45,0,20,18,0,0,0,29,27,0,0,0,562.6458,756.5749,26,0
"ehigiator","cordinier",21,21,627,201,61,140,10,49,49,59,7,18,49,68,0,43,26,0,0,1,32,68,0,0,0,1131.6003,1660.4023,36,0
"eidan","bess",22,21,585.23,316,26,55,77,175,33,37,4,11,57,8,0,30,20,0,0,12,49,19,0,0,0,1071.8034,1703.1717,29,0
"eimantas","mosley",11,11,305.58,215,55,96,21,40,42,52,5,3,27,31,0,30,6,0,0,0,20,47,0,0,0,564.6575,896.1938,35,0
"ekpe","toupane",30,30,604.04,298,112,162,0,0,74,110,11,50,84,15,0,30,13,0,0,26,57,109,0,0,0,1087.704,2187.887,30,1
"eldridge","robinson",59,21,1026.99,607,95,185,87,203,156,192,16,32,116,130,0,84,44,0,0,4,121,167,0,0,0,1771.8359,4162.149,27,0
"elegar","mckinnie",18,18,622.86,248,54,128,22,88,74,92,10,18,60,104,0,66,33,0,0,2,48,110,0,0,0,1137.8037,1315.2387,28,0
"elias","goudelock",7,7,185.5,119,43,83,6,11,15,18,4,15,46,8,0,9,3,0,0,4,11,24,0,0,0,359.1829,784.1418,31,0
"elijah","byars",2,0,2.85,0,0,0,0,0,0,0,0,0,1,0,0,1,1,0,0,0,1,0,0,0,0,4.9084,1661.9886,18,1
"elton","bagaric",13,4,302,174,35,79,28,70,20,33,4,18,34,17,0,32,20,0,0,4,33,37,0,0,0,556.1428,2614.9759,36,0
"emmanuel","berhanemeskel",8,2,171.94,88,21,46,10,25,16,19,6,8,18,27,0,26,6,0,0,3,17,24,0,0,0,306.9952,1365.9056,24,0
"emmett","kaman",18,8,291.28,91,33,64,2,2,19,28,6,18,33,7,0,15,10,0,0,14,51,31,0,0,0,518.8646,2360.2606,37,0
"erkan","brizuela",27,16,629.13,278,118,199,0,4,42,59,7,77,98,36,0,26,14,0,0,10,57,63,0,0,0,1142.1397,2114.9654,34,0
"evan","doyle",50,20,1072.36,550,165,300,42,117,94,125,8,69,161,27,0,71,45,0,0,52,131,122,0,0,0,1910.1478,3591.7149,20,1
"fab","zakharov",55,8,859.39,315,55,141,55,145,40,47,4,11,57,133,0,61,28,0,0,2,121,46,0,0,0,1486.1793,5102.0616,37,0
"fabien","jeter",18,8,371.9,170,30,80,26,68,32,36,11,6,17,46,0,26,15,0,0,1,43,34,0,0,0,661.1852,3722.2186,27,0
"falk","winston",64,19,1461.8,852,201,376,107,293,129,170,23,52,145,111,0,96,47,0,0,21,109,167,0,0,0,2625.5034,4614.3381,27,0
"federico","zhbanov",6,0,75.5,30,5,11,6,17,2,3,0,5,8,1,0,2,0,0,0,1,9,4,0,0,0,136.5942,4666.7672,28,0
"felix","ricci",6,5,165.19,90,7,22,19,41,19,24,1,3,9,18,0,17,2,0,0,1,13,25,0,0,0,286.8943,696.4417,25,0
"felton","cattapan",3,3,86.45,33,8,21,4,7,5,6,4,0,19,3,0,6,0,0,0,1,8,6,0,0,0,147.6306,691.6252,25,0
"filipovity","tavares",39,39,1012,439,185,297,0,0,69,134,14,145,251,23,0,89,26,0,0,28,107,145,0,0,0,1913.3627,2987.2659,27,0
"fitch","cancar",16,6,367,140,48,89,8,38,20,21,3,14,36,30,0,28,13,0,0,2,34,19,0,0,0,662.8796,2203.5781,26,0
"fitipaldo","galli",39,39,1015.21,543,107,213,85,252,74,98,10,49,200,103,0,80,37,0,0,9,97,75,0,0,0,1854.5951,2950.8991,29,0
"flaccadori","david",12,4,298.14,154,58,107,0,5,38,55,7,18,20,20,0,14,11,0,0,1,29,51,0,0,0,532.4512,1285.8658,28,0
"fletcher","kravic",65,39,1431.58,493,225,364,0,11,43,75,9,166,238,82,0,42,59,0,0,32,134,76,0,0,0,2478.8446,4606.693,34,0
"flores","warney",10,0,68.85,19,8,13,0,6,3,5,1,4,11,4,0,1,1,0,0,2,12,5,0,0,0,125.6329,4389.9309,34,0
"font","vlade",6,0,60.56,2,1,5,0,2,0,0,1,5,6,9,0,10,2,0,0,0,9,5,0,0,0,112.3969,5360.4987,40,0
"frankamp","craft",8,2,119.13,55,19,26,4,16,5,8,2,6,16,5,0,10,7,0,0,4,18,5,0,0,0,213.5025,1146.9922,18,1
"freddie","franks",1,0,16.37,9,4,5,0,0,1,1,0,2,1,1,0,1,0,0,0,1,3,2,0,0,0,30.2136,738.2516,30,0
"freije","trent",15,6,269.97,80,22,58,8,28,12,15,5,7,52,34,0,25,14,0,0,4,33,14,0,0,0,483.8351,1146.9922,24,0
"fridzon","kaimakoglou",18,4,403.91,190,19,41,40,89,32,40,2,6,56,37,0,18,12,0,0,10,25,29,0,0,0,721.1728,1365.9056,33,0
"gabe","bennett",17,16,404.2,228,95,173,1,5,35,50,8,23,47,17,0,24,7,0,0,8,30,44,0,0,0,704.2639,1540.2368,35,0
"gabriel","moraschini",45,27,1114.08,584,114,229,86,248,98,109,12,15,91,233,0,104,36,0,0,5,101,143,0,0,0,1977.9824,3722.2186,34,0
"garino","cinciarini",24,21,735.27,355,102,184,28,94,67,82,13,11,46,45,0,45,13,0,0,10,43,79,0,0,0,1266.4767,1653.5525,25,1
"garth","holt",4,2,74.34,25,6,19,4,8,1,3,4,3,14,7,0,4,3,0,0,0,8,8,0,0,0,140.564,3035.1153,28,0
"garuba","jefferies",16,1,223,82,14,41,16,47,6,6,5,5,13,28,0,15,8,0,0,0,19,16,0,0,0,410.6238,2679.1824,30,0
"gary","mitrovic",12,11,202,92,43,72,0,0,6,16,3,25,24,4,0,5,5,0,0,2,29,19,0,0,0,368.4272,2115.7204,31,0
"gazi","noel",5,5,133.63,45,13,29,5,16,4,8,3,2,18,35,0,6,2,0,0,0,11,13,0,0,0,242.789,1180.9544,30,0
"gee","ahearn",47,14,1143.06,582,232,438,14,61,76,134,11,97,189,92,0,78,47,0,0,23,83,111,0,0,0,2027.9011,3629.4119,31,0
"gene","freeman",19,16,245.7,75,31,50,0,0,13,16,5,29,38,11,0,13,4,0,0,4,34,16,0,0,0,427.7814,2124.1148,30,0
"gerald","zubac",4,3,77.31,28,6,19,4,11,4,4,0,3,10,3,0,5,2,0,0,3,11,5,0,0,0,140.0394,2182.7268,25,0
"gerard","albicy",9,6,201.44,121,26,64,14,43,27,37,3,3,9,17,0,21,15,0,0,0,27,31,0,0,0,357.9201,2425.3316,28,0
"gerun","mulder",19,17,529,256,67,137,26,79,44,65,5,18,56,21,0,38,19,0,0,4,40,58,0,0,0,977.1198,1708.5742,30,0
"gianmarco","law",11,4,203.74,84,33,61,1,3,15,26,2,15,41,10,0,16,9,0,0,5,30,21,0,0,0,363.8236,1142.8748,29,0
"giannoulis","cournooh",16,0,159.61,54,22,40,0,1,10,15,3,20,16,5,0,9,1,0,0,14,30,12,0,0,0,289.4602,2575.244,26,0
"giedraitis","virginio",3,1,66.93,36,11,24,2,8,8,11,1,3,10,2,0,5,1,0,0,3,4,12,0,0,0,108.2421,388.1352,23,1
"giricek","grantham",34,31,917,417,136,259,29,90,58,76,7,19,84,26,0,58,24,0,0,17,86,73,0,0,0,1642.9425,2535.1839,26,0
"gladness","alston",18,14,437.25,192,27,67,39,100,21,26,6,10,45,33,0,25,9,0,0,2,36,25,0,0,0,775.1979,3591.7149,35,0
"gobert","vonleh",13,10,261.86,77,25,60,3,14,18,29,6,15,35,50,0,30,11,0,0,0,35,37,0,0,0,467.9944,1161.6719,28,0
"gortat","henderson",28,15,627.68,233,44,82,44,102,13,14,2,20,75,36,0,30,21,0,0,8,86,28,0,0,0,1071.5783,2065.7281,33,0
"grant","joe",26,14,556.43,324,146,244,0,1,32,55,10,64,75,56,0,62,33,0,0,13,70,71,0,0,0,948.4371,2002.8126,35,0
"grayson","n'doye",17,9,360.23,158,22,53,20,73,54,63,2,4,21,88,0,39,16,0,0,0,42,56,0,0,0,648.5254,2142.3753,30,0
"griffin","moiso",30,19,814.19,366,66,127,62,151,48,54,5,7,75,61,0,45,18,0,0,13,87,54,0,0,0,1432.5882,2129.0437,27,0
"guduric","drake",10,10,320.05,93,33,53,6,12,9,12,0,8,38,20,0,22,6,0,0,5,21,18,0,0,0,565.2951,3138.0121,34,0
"guerra","henry",6,0,50.93,26,8,18,0,0,10,14,1,9,8,3,0,2,0,0,0,0,5,9,0,0,0,88.2209,1680.2299,34,0
"guerrero","gaddy",22,20,544.8,220,74,176,8,47,48,64,10,26,65,76,0,42,20,0,0,4,46,62,0,0,0,944.1869,1542.4666,34,0
"guido","bouquet",27,8,487.9,257,36,81,43,122,56,64,5,3,45,55,0,34,14,0,0,1,47,65,0,0,0,868.4233,3722.2186,29,0
"guillermo","ashley",1,1,37.43,34,8,15,3,4,9,10,0,0,5,5,0,1,1,0,0,0,3,8,0,0,0,65.1605,844.3259,30,0
"guyton","clavell",3,1,15.48,7,3,5,0,0,1,2,0,1,0,0,0,2,1,0,0,1,4,4,0,0,0,27.2375,2129.0437,28,0
"hadi","jokic",25,17,429.09,140,40,83,12,48,24,38,6,17,47,28,0,22,14,0,0,7,64,38,0,0,0,755.0876,1909.3479,33,0
"haislip","hobson",10,8,171.8,90,34,59,4,15,10,19,2,4,20,4,0,18,3,0,0,3,28,24,0,0,0,286.8081,1071.29,33,0
"halilovic","mcdaniels",7,3,163.18,55,13,28,7,18,8,13,1,2,12,28,0,10,4,0,0,0,16,12,0,0,0,286.672,1147.18,30,0
"hansen","haliburton",6,2,140.42,53,10,30,9,25,6,6,1,0,13,8,0,7,3,0,0,1,16,8,0,0,0,245.4067,419.4459,28,0
"harper","jovic",4,0,29.17,10,3,8,1,6,1,1,0,0,3,1,0,4,2,0,0,0,3,4,0,0,0,49.5001,3480.0787,26,0
"harris","melton",24,7,345.9,97,38,77,0,1,21,38,13,28,50,18,0,37,3,0,0,7,55,52,0,0,0,587.0947,2342.299,32,0
"hasheem","della",23,5,208.83,71,12,30,7,22,26,31,3,21,25,10,0,4,3,0,0,1,31,20,0,0,0,382.1561,2232.5655,25,0
"haukur","iguodala",9,3,224.23,45,21,47,0,0,3,5,5,9,20,38,0,10,8,0,0,1,13,21,0,0,0,395.0493,1409.4468,32,0
"hawkins","chessa",33,32,975.67,260,92,167,14,50,34,42,7,30,110,197,0,74,77,0,0,1,88,81,0,0,0,1766.9623,2904.9223,29,0
"haywood","porter",20,5,297.36,107,25,43,17,43,6,8,3,21,41,10,0,4,4,0,0,4,20,8,0,0,0,533.0482,5626.0351,29,0
"henton","walkup",6,6,175.25,73,10,25,13,31,14,15,0,2,8,30,0,12,7,0,0,0,10,14,0,0,0,306.9845,420.4102,34,0
"hermannsson","savovic",3,1,73.67,26,3,8,5,14,5,7,1,3,11,6,0,4,2,0,0,0,3,4,0,0,0,142.5641,1238.5018,30,0
"hernangomez","filloy",34,20,805.6,329,73,140,34,95,81,113,7,58,137,19,0,46,28,0,0,9,44,100,0,0,0,1448.4919,2463.2992,21,1
"heurtel","yi",36,8,745.3,237,44,100,37,126,38,51,3,23,89,37,0,33,42,0,0,9,54,66,0,0,0,1354.3016,3648.5692,35,0
"hodzic","mccoy",25,7,491.37,255,51,92,43,84,24,31,11,17,65,23,0,25,8,0,0,20,78,44,0,0,0,867.2669,3742.5621,29,0
"hopson","kaba",11,9,212.39,94,23,43,6,13,30,44,2,13,45,13,0,9,12,0,0,13,23,38,0,0,0,382.4539,2187.887,34,0
"horton","joseph",30,1,592.25,287,100,155,16,39,39,55,10,50,87,22,0,32,20,0,0,28,90,52,0,0,0,1042.0791,2129.0437,25,1
"hugo","jeremic",22,22,765,361,117,240,29,62,40,51,17,7,67,62,0,84,25,0,0,1,61,64,0,0,0,1396.5946,2218.1208,29,0
"huskic","khryapa",20,18,417.76,141,41,68,13,40,20,24,2,31,40,33,0,15,21,0,0,1,40,37,0,0,0,731.6829,1479.9661,28,0
"iannicelli","roberson",34,21,780.83,376,63,125,60,182,70,81,4,14,90,79,0,67,20,0,0,6,90,68,0,0,0,1402.0626,2459.9292,26,0
"ibaka","windler",17,4,285.92,112,34,77,6,34,26,32,3,6,26,43,0,32,15,0,0,1,50,38,0,0,0,508.1848,2443.8728,31,0
"ibrahim","goodwin",4,0,58.87,30,10,17,1,2,7,11,1,3,9,2,0,3,3,0,0,3,8,7,0,0,0,107.8506,751.1069,32,0
"immanuel","kuzma",14,13,210.73,93,27,55,4,14,27,44,6,14,31,5,0,18,3,0,0,4,28,44,0,0,0,367.7182,1116.7793,30,0
"jacobsen","gamble",13,0,135,21,9,14,0,1,3,4,1,15,25,4,0,2,7,0,0,3,32,11,0,0,0,257.4057,2316.6513,37,0
"jae'sean","pelos",25,3,364.37,82,14,38,13,49,15,21,3,8,31,29,0,27,10,0,0,0,59,32,0,0,0,671.0494,4494.4965,28,0
"jahlil","snyder",19,14,514.36,225,64,113,19,44,40,51,11,47,68,29,0,37,19,0,0,28,59,56,0,0,0,924.9086,2454.5394,28,0
"jake","oliver",6,4,103.92,43,18,32,0,0,7,10,0,8,20,1,0,10,2,0,0,5,18,13,0,0,0,184.2831,461.0624,31,0
"jakeenan","gerun",10,3,231.43,89,35,67,0,3,19,30,2,19,44,17,0,15,4,0,0,1,22,24,0,0,0,416.2152,719.3726,27,1
"jakovics","ferrando",16,15,372.59,172,64,101,0,0,44,55,2,40,82,14,0,28,5,0,0,25,51,55,0,0,0,626.21,1084.0514,20,1
"jaleel","ollie",29,3,454,208,84,125,0,0,40,55,7,64,99,8,0,28,9,0,0,60,83,42,0,0,0,831.2765,2215.5166,24,1
"jamaal","kersey",11,0,252.34,168,27,56,31,83,21,27,9,1,11,34,0,21,7,0,0,2,19,29,0,0,0,472.9769,1199.5964,30,0
"james","bey",28,14,663.43,313,80,136,36,85,45,55,11,26,105,48,0,21,21,0,0,11,69,50,0,0,0,1195.3533,2171.124,33,0
"jamie","burns",12,1,177,73,30,51,0,1,13,15,2,14,38,0,0,10,7,0,0,24,22,13,0,0,0,319.1925,4455.108,23,0
"jamychal","benson",4,3,86.26,20,6,14,1,8,5,5,1,0,15,3,0,3,4,0,0,1,6,3,0,0,0,156.1335,2461.6567,33,0
"jankovic","preston",28,22,524.95,267,115,178,4,16,25,27,6,46,73,11,0,26,14,0,0,14,40,41,0,0,0,915.6923,2101.9355,31,0
"jaroslaw","rupnik",12,7,254.47,93,37,81,0,0,19,23,6,20,52,5,0,10,5,0,0,9,15,21,0,0,0,434.9128,828.9201,36,0
"jarrett","ratliff",13,13,372,110,22,53,20,60,6,10,5,2,30,65,0,37,4,0,0,0,26,16,0,0,0,670.0166,2179.3551,31,0
"jarrid","mcadoo",4,0,14.5,5,2,4,0,2,1,2,1,0,1,0,0,0,0,0,0,0,1,1,0,0,0,25.7594,2433.0977,30,0
"jarvis","frisby",14,10,354.93,181,63,110,3,9,46,62,7,8,18,51,0,36,17,0,0,2,28,44,0,0,0,656.3013,3038.3748,29,0
"jawai","doornekamp",4,3,79.47,14,3,7,2,10,2,6,1,2,12,5,0,8,4,0,0,0,9,4,0,0,0,147.4517,1651.3739,32,0
"jawun","pons",10,1,59.38,14,4,8,2,7,0,0,1,0,6,2,0,4,7,0,0,2,16,1,0,0,0,108.0138,5163.4205,20,1
"jaycee","kazemi",2,1,46.18,16,2,4,4,10,0,0,2,1,6,0,0,5,5,0,0,2,4,2,0,0,0,79.9763,1948.3137,25,0
"jefferson","christie",6,3,134.17,50,7,12,10,24,6,8,0,1,16,6,0,6,4,0,0,0,17,4,0,0,0,251.3096,449.5364,31,0
"jemerrio","vildera",11,1,253,135,33,71,14,45,27,29,8,6,18,21,0,13,7,0,0,0,12,29,0,0,0,447.2954,2651.9491,26,0
"jeremiah","evans",14,14,277,72,13,28,13,48,7,8,2,8,42,5,0,10,6,0,0,5,29,12,0,0,0,499.9408,2570.0927,26,0
"jermaine","withey",5,1,48.87,6,1,5,1,3,1,2,0,2,3,3,0,6,0,0,0,0,6,4,0,0,0,84.3018,417.4587,30,0
"jermareo","valiev",54,15,804.79,336,44,114,65,184,53,60,4,11,49,95,0,51,21,0,0,0,61,82,0,0,0,1457.5924,5163.4205,38,0
"jimmer","delgado",6,5,169,72,19,37,8,35,10,14,5,10,20,21,0,22,15,0,0,0,13,16,0,0,0,316.5344,2575.3541,26,0
"jj","hollins",20,19,534.6,291,112,205,2,6,61,70,13,56,99,22,0,38,11,0,0,16,72,74,0,0,0,928.6396,2371.102,23,1
"joakim","leaf",19,15,455.99,177,70,152,2,15,31,38,4,27,68,15,0,25,7,0,0,9,35,39,0,0,0,814.1605,1365.9056,30,0
"joaquim","elizabeth",29,28,883.16,598,129,250,57,134,169,182,12,7,77,93,0,86,17,0,0,0,71,145,0,0,0,1654.1757,2577.2296,34,0
"joel","bogut",51,41,1605.67,864,212,418,108,295,116,176,23,88,229,60,0,84,24,0,0,32,115,190,0,0,0,2713.7747,3480.0787,27,1
"joey","siler",7,3,129.26,25,9,23,1,6,4,7,1,0,7,32,0,11,4,0,0,0,15,9,0,0,0,231.6573,1146.9922,25,0
"joffrey","simon",28,9,653,263,110,204,6,22,25,45,6,47,116,18,0,40,35,0,0,37,74,56,0,0,0,1210.9066,2253.0651,32,0
"johan","guduric",34,29,769.09,352,89,185,35,121,69,100,19,27,86,60,0,66,36,0,0,5,67,127,0,0,0,1398.2463,3648.5692,30,0
"jordan","sehovic",17,0,360.97,156,29,63,26,53,20,23,3,16,76,30,0,26,19,0,0,12,26,28,0,0,0,627.2133,2363.112,28,0
"jorge","carr",10,3,166.57,63,13,23,9,17,10,16,4,8,21,9,0,8,6,0,0,6,24,18,0,0,0,306.508,1048.8326,24,1
"juan carlos","gaines",13,10,330.41,126,30,54,13,36,27,30,0,8,30,15,0,9,5,0,0,10,28,28,0,0,0,580.3732,1124.1755,34,0
"juan pablo","lillard",6,6,225.72,95,22,50,5,15,36,44,1,9,31,31,0,28,10,0,0,4,10,44,0,0,0,411.2026,728.6878,24,0
"jumaine","avdija",57,57,1783.86,906,274,486,62,182,172,233,31,101,232,163,0,149,64,0,0,23,142,275,0,0,0,3146.7201,4338.0147,29,0
"justise","atias",25,25,715.41,306,92,174,22,74,56,57,14,14,43,200,0,92,25,0,0,0,50,78,0,0,0,1274.1229,1995.7786,37,0
"kadeem","levert",8,8,235.38,89,21,43,8,30,23,28,1,2,20,14,0,13,13,0,0,2,19,36,0,0,0,420.9866,715.4197,32,0
"kadoshnikov","christmas",53,10,877.62,284,37,72,63,155,21,27,5,28,85,26,0,22,30,0,0,8,99,40,0,0,0,1609.795,4489.7492,27,0
"kahlil","melo",3,0,43.18,19,5,10,2,7,3,4,0,0,2,2,0,1,0,0,0,0,2,5,0,0,0,77.0048,1283.9971,31,0
"kahudi","vincent",6,0,103.14,34,15,23,0,1,4,11,2,10,19,3,0,4,1,0,0,2,14,10,0,0,0,189.3197,1762.1489,31,0
"kaiser","stockton",28,15,653.67,286,58,93,43,102,41,49,2,20,96,52,0,36,31,0,0,3,54,55,0,0,0,1207.9705,2217.5675,27,0
"kaleb","chappell",17,1,217.12,63,22,48,4,17,7,10,10,6,16,32,0,23,9,0,0,0,28,7,0,0,0,377.1472,2093.1181,35,0
"kalin","watanabe",12,0,23.5,2,1,2,0,1,0,0,0,0,0,3,0,2,1,0,0,0,3,0,0,0,0,41.9684,1142.9721,22,0
"kaniel","camby",21,1,426.53,179,66,107,7,16,26,35,4,37,56,16,0,18,12,0,0,13,39,38,0,0,0,768.5122,2171.124,33,0
"kawhi","udanoh",20,20,562.08,216,76,149,6,33,46,61,8,23,75,38,0,29,12,0,0,5,60,63,0,0,0,983.3283,1417.0439,33,0
"keifer","barbieri",23,17,450.38,194,44,79,25,70,31,39,7,32,71,16,0,25,10,0,0,5,47,43,0,0,0,804.3851,1786.0356,29,0
"kenan","ticic",10,10,250.97,100,34,57,3,23,23,28,3,24,31,11,0,9,6,0,0,6,29,29,0,0,0,467.2857,903.0305,27,0
"kenneth","farrakhan",12,7,178.93,35,13,31,0,1,9,10,4,16,27,13,0,8,10,0,0,1,30,18,0,0,0,305.4702,2065.7281,32,0
"khalid","madsen",10,2,135.49,24,7,27,2,16,4,8,1,12,13,5,0,2,0,0,0,1,17,6,0,0,0,241.3035,1995.7786,28,0
"khalifa","torres",14,8,269.15,101,35,67,0,2,31,44,7,18,36,27,0,32,8,0,0,15,40,43,0,0,0,477.1072,1143.3556,31,0
"khvostov","dolinin",13,9,202.8,64,17,37,7,25,9,10,1,11,25,9,0,11,4,0,0,9,35,7,0,0,0,358.2042,1130.438,26,0
"kidd","avramovic",22,17,614.84,321,62,109,46,107,59,69,10,9,75,80,0,52,25,0,0,6,54,85,0,0,0,1047.6139,2402.4885,25,1
"killian","bohannon",27,10,463.05,178,56,90,9,43,39,50,5,23,65,27,0,33,25,0,0,3,68,51,0,0,0,843.0711,3281.1655,29,0
"kim","sant-roos",5,4,115.36,26,9,19,1,4,5,7,1,3,5,14,0,9,9,0,0,0,12,10,0,0,0,201.1573,444.6421,27,0
"kingsley","mccray",1,0,18.38,0,0,2,0,1,0,0,1,0,3,1,0,3,0,0,0,0,3,0,0,0,0,32.6332,1136.2959,28,0
"kinsey","babb",16,15,408,147,37,74,17,44,22,27,5,7,49,8,0,23,4,0,0,1,40,23,0,0,0,717.6752,2058.0392,31,0
"kira","pavlovic",10,7,267.93,127,42,80,6,24,25,31,12,2,17,32,0,18,15,0,0,0,26,31,0,0,0,483.0924,721.2362,28,0
"kirk","rochestie",12,5,339.99,175,45,90,15,53,40,54,9,15,36,60,0,29,17,0,0,0,15,60,0,0,0,586.5352,1138.5949,30,0
"kleiza","maric",24,9,403.12,131,38,79,8,30,31,49,0,8,35,44,0,36,12,0,0,1,54,43,0,0,0,714.0452,2152.1399,24,0
"kljajic","knudsen",6,2,108.48,37,10,23,1,3,14,18,2,3,15,1,0,6,4,0,0,3,14,16,0,0,0,184.1051,415.7945,33,0
"knight","trimble",1,0,1.82,0,0,1,0,0,0,0,0,0,0,0,0,1,0,0,0,0,1,1,0,0,0,3.2238,2152.1399,18,1
"kobi","angley",4,2,85,35,9,28,2,10,11,16,1,3,9,5,0,6,2,0,0,0,11,16,0,0,0,163.3572,2315.8284,27,0
"koenig","crescenzi",13,8,314.36,108,37,76,4,18,22,34,6,20,53,10,0,10,9,0,0,3,25,31,0,0,0,543.4124,968.0229,26,0
"konate","bacon",60,41,842.81,448,164,312,1,4,117,142,12,63,124,65,0,105,29,0,0,5,138,162,0,0,0,1561.7651,5136.2406,29,0
"koumadje","wiseman",4,4,112.63,85,23,37,9,22,12,14,2,3,12,5,0,9,6,0,0,0,7,11,0,0,0,201.1588,1786.0356,29,0
"kouroupakis","jagodic-kuridza",20,3,246.42,103,41,57,0,0,21,31,2,18,40,7,0,19,4,0,0,11,46,37,0,0,0,457.9727,6013.0902,33,0
"krause","hammons",7,7,198.6,80,21,43,8,32,14,16,1,9,19,13,0,17,7,0,0,4,16,22,0,0,0,327.7423,660.092,25,0
"kristaps","lucas",2,2,47,12,6,10,0,0,0,3,0,5,7,2,0,2,1,0,0,0,6,6,0,0,0,83.7104,569.943,30,0
"kurucs","humphrey",27,19,525.67,130,30,51,18,69,16,20,4,25,69,19,0,33,16,0,0,22,58,25,0,0,0,954.3156,2114.9654,30,0
"kuzminskas","ventura",13,4,314.68,157,46,77,5,16,50,70,9,33,50,15,0,18,6,0,0,30,47,57,0,0,0,548.3465,2091.0703,20,1
"kwame","martyuk",16,10,437.07,172,53,126,11,34,33,42,8,9,20,17,0,29,18,0,0,1,39,37,0,0,0,768.5797,2400.3174,31,0
"kyzlink","smart",20,18,545,191,34,77,36,101,15,18,4,13,34,20,0,36,10,0,0,1,57,24,0,0,0,1010.6341,2253.0651,25,0
"labeyrie","jeffers",9,1,142.94,43,12,27,2,9,13,17,1,4,17,5,0,7,3,0,0,0,15,14,0,0,0,241.0875,683.1005,27,0
"ladontae","barnes",10,4,197.84,112,51,71,0,0,10,21,3,22,43,3,0,15,4,0,0,11,23,15,0,0,0,356.813,721.3994,20,1
"lamelo","umrikhin",30,26,939,433,106,233,57,162,50,65,14,22,106,63,0,58,27,0,0,22,77,65,0,0,0,1707.2365,2199.9534,25,1
"lampe","borg",16,3,105.27,25,7,12,3,9,2,4,0,3,19,6,0,8,4,0,0,2,19,4,0,0,0,187.8505,2578.5542,36,0
"laquintana","wooten",4,0,62.48,35,5,8,6,18,7,8,0,0,4,5,0,4,2,0,0,0,9,4,0,0,0,114.1219,2529.7114,33,0
"lauvergne","van",41,22,915.82,495,90,189,77,186,84,104,10,9,64,92,0,68,41,0,0,3,110,118,0,0,0,1602.4592,4241.6615,27,0
"lavoy","lazic",15,4,79.24,23,9,17,0,0,5,13,0,5,13,1,0,0,3,0,0,1,19,9,0,0,0,145.8791,2595.4698,30,0
"lawrence","vasturia",17,3,357.45,105,21,54,12,35,27,31,4,9,31,19,0,23,10,0,0,0,33,22,0,0,0,639.2678,2324.8888,26,0
"leandro","paunic",10,3,220.59,94,33,67,0,0,28,39,3,31,63,19,0,17,7,0,0,7,37,39,0,0,0,397.7358,721.2362,27,0
"ledo","dary-sagnes",26,15,551.94,248,48,92,43,108,23,28,11,3,39,43,0,27,24,0,0,7,48,41,0,0,0,962.7721,2101.9355,32,0
"leonardo","diaz",6,2,67.56,28,8,18,0,0,12,20,3,7,16,5,0,3,0,0,0,3,11,13,0,0,0,126.5445,449.5364,37,0
"lessort","benimon",56,27,1084.15,585,203,376,15,36,134,174,13,79,158,72,0,103,55,0,0,28,148,177,0,0,0,1985.0646,4489.7492,29,0
"lindsey","garbajosa",24,24,744,280,71,151,25,85,63,81,8,33,90,24,0,60,16,0,0,6,52,69,0,0,0,1369.8058,2218.5699,30,0
"lipkevicius","de",4,0,35.47,20,4,6,0,6,12,12,0,0,0,0,0,4,1,0,0,0,7,10,0,0,0,65.8016,753.1961,28,0
"liraz","sexton",27,19,570.98,245,83,146,15,48,34,39,7,42,59,17,0,30,11,0,0,18,50,37,0,0,0,988.8445,1948.3137,27,0
"lonnie","dalembert",28,9,829,442,88,152,54,147,104,126,8,22,186,96,0,91,26,0,0,6,67,136,0,0,0,1519.3685,2217.6549,32,0
"lonzo","ruzzier",23,19,562.29,255,81,167,13,37,54,65,10,9,58,126,0,63,14,0,0,0,34,56,0,0,0,1038.1234,3882.1588,32,0
"lorenzo","odinokov",6,6,211.99,76,18,40,10,31,10,11,2,3,22,28,0,29,5,0,0,0,9,19,0,0,0,370.5972,419.5533,29,0
"luc","bonacini",12,7,187.89,73,29,43,0,0,15,20,2,12,27,8,0,17,3,0,0,4,25,15,0,0,0,328.66,1128.2401,29,0
"lucic","baxter",18,18,532,168,42,97,20,75,24,34,7,9,45,75,0,60,30,0,0,1,47,54,0,0,0,919.1273,2012.7507,29,0
"luguentz","roberts",2,0,31.08,10,5,9,0,4,0,0,0,0,8,2,0,3,0,0,0,0,4,2,0,0,0,57.1633,4494.4965,33,0
"luke","balbi",26,25,677.28,416,42,96,89,206,65,80,6,4,47,88,0,58,32,0,0,1,40,110,0,0,0,1229.5525,2114.9654,27,0
"macijauskas","bleijenbergh",10,9,147.45,40,16,32,0,1,8,28,5,7,24,4,0,9,1,0,0,6,27,24,0,0,0,258.1978,2390.2513,31,0
"mack","ubiles",6,0,131.47,52,13,18,5,21,11,15,1,7,14,3,0,5,1,0,0,1,18,13,0,0,0,226.2758,421.6782,32,0
"magassa","dimitrijevic",14,13,370.03,126,38,70,10,63,20,25,3,19,55,41,0,38,14,0,0,12,44,30,0,0,0,672.6956,4927.7599,27,0
"magette","watson",9,7,199.52,94,18,36,16,28,10,11,2,12,37,12,0,7,4,0,0,5,17,11,0,0,0,371.49,903.0305,25,0
"malik","delk",19,9,358.73,111,37,86,9,38,10,20,3,6,40,47,0,33,14,0,0,0,35,26,0,0,0,639.6049,3722.2186,30,0
"malmanis","dobric",10,6,189.01,87,36,64,0,0,15,19,5,9,42,3,0,17,4,0,0,2,22,15,0,0,0,337.7957,866.7807,29,0
"mamadi","rodriguez",4,2,83.07,33,13,22,0,0,7,15,1,8,14,1,0,4,2,0,0,4,9,13,0,0,0,154.3166,743.0602,27,0
"marcelo","mccalebb",16,11,437.98,157,17,30,33,94,24,31,3,6,35,26,0,13,11,0,0,1,29,39,0,0,0,774.0804,1131.121,30,0
"marcquise","ofoegbu",15,3,370,202,38,74,13,52,87,109,2,12,62,21,0,23,18,0,0,7,34,105,0,0,0,653.6568,4302.779,24,0
"marcus","nogueira",1,0,11.4,0,0,1,0,0,0,0,0,0,0,1,0,1,0,0,0,0,2,0,0,0,0,20.6753,444.3441,31,0
"mardy","gafford",49,5,703.44,272,42,97,45,116,53,67,10,12,70,143,0,79,18,0,0,0,73,93,0,0,0,1283.5004,4389.9309,30,0
"marei","mccloud",47,7,762.36,267,53,134,37,101,50,59,1,14,56,124,0,72,33,0,0,2,99,87,0,0,0,1359.625,3605.757,36,0
"margiris","jacobs",16,16,424,241,100,178,0,2,41,54,9,33,110,35,0,35,10,0,0,29,33,67,0,0,0,759.3157,1441.6254,30,0
"marinkovic","ingles",6,2,124.61,34,11,28,3,12,3,7,4,8,13,5,0,6,3,0,0,1,12,7,0,0,0,226.6667,2491.9771,35,0
"marko","lawson",19,16,327.28,131,54,87,0,0,23,50,4,34,62,13,0,20,11,0,0,14,52,38,0,0,0,607.248,1651.3739,28,0
"marreese","garces",6,6,221,75,16,32,9,25,16,22,0,5,31,10,0,12,12,0,0,1,12,21,0,0,0,404.0598,2212.2734,27,0
"masiulis","lukosiunas",5,1,79.95,26,11,20,0,0,4,5,1,8,15,0,0,13,2,0,0,2,19,12,0,0,0,142.3617,1148.5019,27,0
"mason","lopatin",40,19,768.57,327,47,109,62,166,47,58,10,13,61,61,0,46,20,0,0,7,62,45,0,0,0,1351.6298,4338.0147,27,0
"mateusz","okogie",24,21,687,299,71,136,42,96,31,40,3,26,99,58,0,38,13,0,0,10,55,44,0,0,0,1280.7194,2619.2296,35,0
"mattisseck","vene",8,8,264,188,39,83,24,76,38,53,4,9,30,27,0,19,6,0,0,1,12,40,0,0,0,493.4704,2243.0472,27,0
"maxime","granger",15,14,424.21,170,67,109,0,0,36,55,1,58,63,9,0,28,9,0,0,21,44,57,0,0,0,764.6052,1153.5678,27,0
"maye","smits",27,1,224.07,95,37,76,1,6,18,26,5,8,33,10,0,21,4,0,0,1,32,27,0,0,0,372.6052,1970.5187,37,0
"maynor","sweetney",8,1,80.94,26,10,21,0,0,6,10,2,13,13,1,0,10,3,0,0,7,20,11,0,0,0,143.8049,3893.5187,28,0
"mcadoo","black",19,6,443.32,236,35,76,34,82,64,67,7,4,26,40,0,40,6,0,0,1,47,65,0,0,0,811.3429,1471.4002,30,0
"mccalebb","jabour",13,11,324.92,128,28,50,21,55,9,11,8,4,21,51,0,15,14,0,0,0,19,18,0,0,0,582.5746,1156.4713,34,0
"mcclintock","magloire",4,2,36.75,24,5,10,0,0,14,16,0,9,10,0,0,1,0,0,0,3,6,10,0,0,0,67.6559,2595.4698,30,0
"mccoy","treier",13,11,399.03,142,30,107,18,58,28,38,4,14,23,13,0,32,17,0,0,5,46,37,0,0,0,701.6871,2400.3174,28,0
"mcfadden","bell-holter",10,4,281.29,96,31,68,6,18,16,18,2,5,23,24,0,21,14,0,0,0,28,30,0,0,0,470.2366,677.0478,25,0
"mcfarlin","nowitzki",20,17,437.07,180,72,111,0,0,36,56,6,62,72,7,0,25,4,0,0,15,39,54,0,0,0,765.3476,2390.2513,20,0
"mckissic","carter",56,48,1300.69,561,107,205,79,207,110,120,18,15,83,186,0,95,36,0,0,2,106,112,0,0,0,2296.1205,3980.5055,34,0
"mcnair","hunt",10,2,171.07,85,22,43,8,24,17,23,3,7,14,7,0,4,4,0,0,2,19,21,0,0,0,306.0105,2873.3761,31,0
"mcrae","mcrae",20,13,535.7,280,60,139,23,79,91,121,8,26,42,43,0,47,24,0,0,3,38,96,0,0,0,981.992,2950.8991,28,0
"mehmet","cook",17,5,188.26,64,18,38,7,11,7,9,3,6,19,7,0,14,3,0,0,4,22,12,0,0,0,341.0143,2182.7268,30,0
"mekel","heckmann",52,8,741.42,415,171,275,0,0,73,92,8,73,124,34,0,79,13,0,0,18,125,83,0,0,0,1292.683,5458.7121,30,0
"melih","gill",63,11,944.99,361,67,116,67,176,26,36,8,23,102,72,0,68,41,0,0,7,109,54,0,0,0,1640.0706,5033.4567,20,1
"melli","cousins",2,2,54,13,4,11,1,5,2,3,1,2,5,5,0,4,1,0,0,0,2,3,0,0,0,97.512,2166.9324,26,0
"melo","rousselle",2,0,40.8,24,10,12,1,2,1,3,0,3,2,1,0,5,3,0,0,0,3,2,0,0,0,72.6635,1995.7786,32,0
"melvin","milicic",56,51,1094.53,615,124,223,104,261,55,70,13,44,118,51,0,48,13,0,0,11,92,73,0,0,0,1932.0124,3980.5055,27,0
"mensah-bonsu","balcerowski",3,0,38.91,4,2,5,0,3,0,0,1,0,1,9,0,2,1,0,0,0,1,2,0,0,0,67.7451,2124.1148,31,0
"metta","liggins",10,6,181.69,74,29,52,0,1,16,23,0,10,26,11,0,15,4,0,0,16,19,19,0,0,0,335.7112,757.5591,29,0
"michale","kingsley",13,4,269.09,120,46,74,4,11,16,22,5,21,32,8,0,16,9,0,0,11,34,17,0,0,0,503.199,1349.3878,27,0
"michele","caracter",6,2,120.54,18,8,10,0,0,2,4,0,5,21,0,0,3,1,0,0,7,15,8,0,0,0,213.7556,461.0624,24,0
"michineau","martin",8,0,123.99,59,6,18,12,26,11,12,0,0,8,8,0,7,0,0,0,0,12,6,0,0,0,207.8709,1954.8013,32,0
"mickell","ginat",19,19,512,157,39,91,18,86,25,32,6,12,34,22,0,34,18,0,0,2,38,36,0,0,0,932.8703,2341.2859,33,0
"mikael","mccree",13,10,137.15,53,22,44,0,0,9,24,2,21,27,3,0,11,3,0,0,4,23,34,0,0,0,241.6626,1143.3911,29,0
"mikel","parsons",27,24,574.92,347,64,122,45,108,84,88,9,10,48,48,0,36,21,0,0,0,36,71,0,0,0,1052.0959,2232.5655,31,0
"milko","gene",14,14,338.67,125,34,64,13,53,18,27,6,15,45,21,0,21,19,0,0,1,31,29,0,0,0,606.2596,1145.6832,25,0
"mirotic","vranes",3,0,35.13,14,4,13,2,9,0,0,1,0,3,5,0,1,0,0,0,1,2,4,0,0,0,60.1911,411.198,33,0
"mitoglou","ibaka",16,8,400.41,170,28,50,30,66,24,30,2,11,39,35,0,17,27,0,0,3,31,38,0,0,0,717.6072,1146.9922,26,0
"monia","dunleavy",28,0,440.07,93,17,35,15,57,14,21,1,13,55,16,0,11,17,0,0,14,51,16,0,0,0,805.3222,2232.5655,33,0
"moretti","zivanovic",27,7,531.1,232,21,49,48,126,46,67,5,8,71,35,0,27,22,0,0,1,53,64,0,0,0,940.7358,2152.1399,29,0
"morse","acie",22,12,389.02,163,39,76,18,49,31,45,3,4,35,69,0,41,7,0,0,2,64,55,0,0,0,673.7194,1948.3137,19,1
"mullens","antipov",33,9,741.02,414,56,116,78,219,68,98,13,14,59,31,0,39,19,0,0,6,86,78,0,0,0,1364.0275,2509.9233,25,0
"musa","fisher",29,27,819,327,70,193,42,132,61,93,15,28,68,71,0,49,35,0,0,7,67,88,0,0,0,1527.0211,2237.3936,29,0
"myck","porzingis",16,6,259.6,115,21,43,19,43,16,18,6,8,47,9,0,8,6,0,0,12,22,13,0,0,0,471.6608,1180.9544,26,0
"n'doye","nwaelele",28,8,618.9,237,53,115,25,62,56,70,6,29,67,33,0,34,14,0,0,12,77,66,0,0,0,1075.057,2093.1181,26,0
"nando","jou",31,26,722.61,355,76,181,36,103,95,108,12,8,43,90,0,63,29,0,0,0,60,113,0,0,0,1272.8002,2421.9329,29,0
"nathan","echenique",19,19,499,193,37,74,26,62,41,55,14,18,36,21,0,26,17,0,0,3,61,40,0,0,0,867.9548,1539.3586,25,0
"ndjock","perry",29,23,760.73,273,70,165,30,79,43,51,7,10,49,119,0,41,21,0,0,1,62,49,0,0,0,1308.278,2003.5177,25,0
"ndoye","roby",28,26,572,282,112,167,0,0,58,101,4,70,114,43,0,52,8,0,0,20,60,118,0,0,0,1019.6703,2486.7832,32,0
"nerlens","nailon",48,25,742.34,299,125,237,1,16,46,91,10,72,85,21,0,41,18,0,0,17,125,124,0,0,0,1347.5695,4666.7672,24,1
"niccolo","fortas",27,6,618.12,265,73,138,28,79,35,43,10,22,47,46,0,29,25,0,0,4,50,60,0,0,0,1070.4834,1948.3137,32,0
"nihad","peja",37,33,755.42,204,42,73,30,77,30,32,3,25,86,46,0,21,36,0,0,10,53,32,0,0,0,1384.244,4489.7492,32,0
"nikola","stephenson",22,13,507.94,279,84,158,22,63,45,47,3,6,37,28,0,31,14,0,0,4,41,42,0,0,0,944.5729,2554.3709,27,0
"nnanna","patton",14,4,256.79,112,44,77,0,2,24,45,9,18,33,10,0,15,10,0,0,6,49,31,0,0,0,443.8951,968.0229,27,0
"norense","galloway",5,2,91.44,33,10,28,2,8,7,10,1,3,22,4,0,7,2,0,0,1,10,10,0,0,0,157.5076,706.2416,29,0
"novica","mathias",51,38,1052.73,425,122,244,39,111,64,78,14,71,193,108,0,88,44,0,0,10,114,92,0,0,0,1917.1853,3713.887,24,1
"nuni","alexander-walker",2,0,18.04,2,1,2,0,2,0,0,0,0,3,1,0,2,0,0,0,1,3,0,0,0,0,33.4721,1651.3739,30,0
"nzosa","hunter",34,22,779.51,340,89,163,36,110,54,65,9,35,92,39,0,39,27,0,0,7,83,67,0,0,0,1407.9547,2456.4747,22,1
"oberto","filippi",11,1,121.2,71,28,42,0,1,15,25,3,12,19,3,0,8,1,0,0,3,12,16,0,0,0,214.6812,2152.1399,30,0
"odinokov","rudez",34,0,584.11,363,138,229,2,11,81,135,10,62,101,27,0,34,34,0,0,26,82,104,0,0,0,1104.5823,3035.1153,26,0
"odom","herrmann",4,3,114.37,67,24,43,3,10,10,13,2,6,22,2,0,2,3,0,0,7,9,14,0,0,0,188.3853,930.6534,22,1
"olaizola","zanotti",23,10,375,126,56,93,0,1,14,33,3,25,69,7,0,32,7,0,0,40,46,32,0,0,0,699.0826,2619.2296,33,0
"olden","bogues",12,12,319.56,134,37,74,16,38,12,18,3,10,25,13,0,23,11,0,0,7,39,23,0,0,0,562.3295,3138.0121,23,1
"oleksiy","dime",25,15,748.61,555,80,144,88,173,131,145,13,12,66,102,0,54,33,0,0,1,33,138,0,0,0,1305.8318,2101.9355,28,0
"oliver","medvedenko",30,18,500.08,161,67,120,0,1,27,52,10,68,93,3,0,40,18,0,0,32,55,56,0,0,0,899.2307,2454.5394,27,0
"olumide","sergeev",2,2,28.37,7,3,7,0,0,1,2,1,0,7,2,0,3,0,0,0,0,3,2,0,0,0,50.8156,429.8887,26,0
"omer","artest",28,22,718.34,217,29,76,37,82,48,55,11,24,99,28,0,19,35,0,0,12,67,74,0,0,0,1253.0306,2101.9355,31,0
"omic","tomas",28,22,837.91,389,107,189,37,103,64,82,10,52,72,27,0,32,27,0,0,6,55,72,0,0,0,1533.3641,2232.5655,29,0
"oriol","kendley",4,2,98.17,61,6,7,14,29,7,9,0,1,4,3,0,2,1,0,0,0,9,2,0,0,0,174.8377,1995.7786,27,0
"oroz","ginobili",31,2,401.61,162,8,36,47,101,5,9,4,12,29,23,0,17,10,0,0,1,48,10,0,0,0,721.1331,2459.9292,33,0
"ouattara","luz",13,6,197.63,118,49,97,1,1,17,25,3,11,35,11,0,9,14,0,0,7,25,27,0,0,0,362.7618,1762.1489,32,0
"ousman","filipovity",7,0,120.66,40,11,22,5,14,3,4,1,4,9,2,0,6,4,0,0,1,21,6,0,0,0,211.4323,2050.2061,30,0
"oyedeji","dawkins",11,7,311,110,25,70,16,58,12,13,2,10,33,23,0,38,15,0,0,5,29,18,0,0,0,571.0869,2249.4581,30,0
"ozan","drummond",11,4,217.64,109,37,66,5,11,20,28,3,23,20,9,0,22,6,0,0,2,28,40,0,0,0,390.0503,1146.9922,30,0
"ozmizrak","traylor",5,0,77,24,6,17,0,4,12,17,1,8,16,2,0,5,2,0,0,0,7,15,0,0,0,139.5053,3442.3373,30,0
"pack","branch",2,2,50,28,7,9,4,10,2,2,0,2,4,3,0,3,1,0,0,1,6,4,0,0,0,92.4431,147.909,26,0
"padgett","sykes",21,21,676,343,60,130,52,148,67,90,8,8,81,62,0,50,20,0,0,8,60,81,0,0,0,1220.0347,1660.4023,28,0
"pangos","vaughn",17,7,179.82,62,25,43,0,0,12,17,5,18,27,6,0,9,3,0,0,9,14,15,0,0,0,300.658,1638.5542,26,0
"papagiannis","kramer",9,6,184.82,76,13,27,15,38,5,8,1,1,19,27,0,16,6,0,0,1,12,13,0,0,0,324.3845,1143.3911,29,0
"parakhouski","brooks",37,32,803.54,297,98,188,21,62,38,61,22,22,55,132,0,47,40,0,0,2,53,64,0,0,0,1497.5253,2916.572,34,0
"pascal","garland",29,28,719,411,151,253,0,0,109,180,18,109,119,19,0,70,20,0,0,12,94,157,0,0,0,1320.2942,2249.4581,28,0
"patricio","adam",10,4,143.85,59,11,18,9,20,10,12,2,8,22,2,0,20,4,0,0,4,30,13,0,0,0,248.695,4545.4563,25,0
"patterson","washington",24,16,581.73,275,98,214,16,59,31,44,14,22,66,101,0,48,23,0,0,3,40,57,0,0,0,1044.8785,4629.5626,28,0
"pau","summers",10,0,92.74,21,7,18,0,0,7,10,5,4,11,1,0,6,2,0,0,5,27,12,0,0,0,164.7684,1296.2963,33,0
"pavic","wiggins",11,11,367,220,75,117,7,22,49,65,4,37,53,9,0,28,17,0,0,6,43,56,0,0,0,670.0003,2218.1208,30,0
"payne","iverson",16,16,351.07,152,57,94,1,2,35,50,6,41,66,12,0,17,15,0,0,7,41,43,0,0,0,617.3306,1169.3322,34,0
"pedja","fall",16,9,316,160,31,63,27,70,17,20,4,14,34,18,0,20,15,0,0,1,27,18,0,0,0,579.8048,1614.6464,26,0
"per","bayless",29,9,349.64,122,44,64,7,22,13,29,2,19,32,9,0,14,22,0,0,9,68,34,0,0,0,622.8228,2360.2606,27,0
"perkins","bitadze",10,4,63.79,12,3,8,2,11,0,0,2,0,9,2,0,3,3,0,0,1,3,1,0,0,0,108.6905,2402.4885,24,0
"pero","singletary",50,15,1076.73,412,84,169,64,167,52,61,12,37,112,52,0,44,39,0,0,1,97,73,0,0,0,1919.3264,3591.7149,31,0
"perrantes","moretti",4,4,89.11,35,4,17,7,15,6,9,0,0,8,10,0,3,2,0,0,2,10,11,0,0,0,154.4087,2018.6982,25,0
"petrucelli","swift",29,10,533.95,293,84,177,25,61,50,61,7,11,51,16,0,37,5,0,0,14,73,68,0,0,0,990.5404,5360.4987,32,0
"petteri","barrett",5,0,69.82,24,2,7,3,5,11,12,1,0,8,7,0,4,2,0,0,0,5,11,0,0,0,118.5704,416.0629,33,0
"pickard","shaw",28,14,434.88,162,30,54,22,67,36,40,7,12,62,9,0,19,9,0,0,9,46,32,0,0,0,787.6936,2904.9223,27,0
"pj","ruffin",35,12,821,406,97,199,46,131,74,85,13,30,88,43,0,56,35,0,0,2,75,100,0,0,0,1458.7871,2487.5785,34,0
"pleiss","rabaseda",11,2,210.79,60,11,43,8,37,14,24,6,2,17,30,0,19,3,0,0,1,21,15,0,0,0,373.2338,2124.7787,33,0
"poeta","dudley",12,12,266.84,118,17,36,18,40,30,35,1,6,36,34,0,20,9,0,0,0,32,36,0,0,0,477.6753,1145.6832,28,0
"poirier","o'quinn",33,13,650.43,210,61,123,14,40,46,54,9,4,69,80,0,75,25,0,0,3,51,67,0,0,0,1129.2694,2378.5685,34,0
"pokusevski","hakanson",9,9,253.99,99,30,49,6,12,21,31,0,16,48,41,0,22,6,0,0,3,24,30,0,0,0,466.4691,734.6112,36,0
"porzingis","waiters",27,25,598.4,300,94,159,24,69,40,51,8,67,138,37,0,31,18,0,0,32,85,53,0,0,0,1064.8131,2028.5614,27,0
"precious","kane",11,2,243.25,120,48,86,3,9,15,24,5,3,20,38,0,17,9,0,0,0,18,19,0,0,0,440.2907,2461.6567,25,0
"pullen","ndjock",14,9,312.74,144,21,47,27,52,21,27,3,9,37,12,0,19,9,0,0,3,41,32,0,0,0,560.4867,1146.9922,25,0
"punter","vezenkov",17,0,195.83,53,21,48,2,8,5,10,1,4,22,31,0,16,6,0,0,0,19,9,0,0,0,337.0267,2512.6846,36,0
"pushkov","herro",7,7,191.6,108,39,71,0,0,30,37,8,13,19,5,0,8,2,0,0,2,25,48,0,0,0,329.8609,688.6345,26,0
"quentin","shamet",4,1,63.46,20,4,14,2,11,6,7,1,1,5,4,0,2,4,0,0,3,3,10,0,0,0,112.8485,5626.0351,27,0
"quincy","montross",7,6,190.07,86,25,51,9,35,9,13,3,3,6,36,0,14,6,0,0,1,8,13,0,0,0,344.3175,579.6969,32,0
"quinndary","moerman",24,2,348.09,138,62,126,0,0,14,18,7,14,47,22,0,34,14,0,0,2,55,34,0,0,0,609.508,1680.9735,37,0
"qyntel","mccullough",20,20,634,280,98,205,12,38,48,76,10,39,79,67,0,36,27,0,0,5,41,67,0,0,0,1163.2793,1614.6464,27,0
"r.j.","buycks",28,25,801.81,590,104,228,79,188,145,174,16,13,80,120,0,83,19,0,0,3,46,166,0,0,0,1428.9062,2085.0472,30,0
"rabaseda","bazemore",6,5,130.32,46,15,33,3,19,7,10,1,4,10,8,0,14,5,0,0,0,17,16,0,0,0,237.6997,875.5055,27,0
"rade","ozdemir",1,0,6.93,0,0,0,0,3,0,0,0,0,0,0,0,1,0,0,0,0,2,1,0,0,0,11.7125,1962.2319,34,0
"rasheed","glover",9,8,228.71,68,31,44,0,10,6,11,1,7,39,3,0,7,6,0,0,12,18,13,0,0,0,413.5097,1319.8428,25,0
"rasho","bobrov",17,17,392.81,165,35,65,22,50,29,35,4,40,73,23,0,22,16,0,0,16,44,38,0,0,0,703.1501,1235.1534,25,1
"ratton","zipser",18,18,447.16,215,43,96,36,86,21,29,3,8,46,34,0,23,20,0,0,2,38,31,0,0,0,785.4068,4221.729,33,0
"rautins","morgan",10,10,263.05,131,37,83,5,23,42,48,10,5,23,10,0,19,6,0,0,0,28,37,0,0,0,462.9,1909.3479,27,0
"rawle","apic",10,10,268.96,130,17,47,20,76,36,42,4,3,30,30,0,27,8,0,0,1,28,47,0,0,0,500.6278,744.5237,33,0
"rebic","gillespie",45,38,1161.84,528,132,275,50,138,114,141,30,21,67,106,0,71,42,0,0,3,92,166,0,0,0,2127.0271,4489.7492,31,0
"rebraca","hayward",46,2,449.23,166,36,74,22,63,28,36,8,5,23,53,0,27,13,0,0,1,64,37,0,0,0,820.9058,5773.7091,25,0
"reed","isaac",12,1,126.91,49,20,38,0,0,9,11,3,20,20,3,0,12,7,0,0,8,21,8,0,0,0,230.3192,1172.1439,27,0
"reggie","embiid",15,15,414.16,222,55,118,26,77,34,44,3,4,28,60,0,43,20,0,0,2,42,51,0,0,0,736.3422,1146.7566,33,0
"reynolds","smith-rivera",58,31,1294.93,404,47,118,93,273,31,36,6,16,78,89,0,59,39,0,0,4,96,58,0,0,0,2283.4173,4338.0147,32,0
"roberson","turner",10,10,312.98,125,34,64,14,46,15,33,1,15,64,9,0,23,6,0,0,8,30,44,0,0,0,534.4758,691.6252,22,1
"roberts","malmanis",54,10,517.58,147,62,130,0,3,23,38,6,40,74,10,0,34,14,0,0,9,95,40,0,0,0,887.0419,4468.9424,18,1
"rod","haslem",70,38,1756,993,209,355,103,330,266,337,14,64,306,317,0,157,76,0,0,27,117,340,0,0,0,3195.9501,5773.7091,19,1
"rodijs","kurbanov",15,7,356.33,131,28,59,12,45,39,50,6,9,33,20,0,19,9,0,0,0,26,49,0,0,0,631.6464,1143.3556,27,0
"rokas","parakhouski",72,65,1756.33,723,195,322,69,169,126,164,15,32,177,307,0,109,68,0,0,15,135,210,0,0,0,3037.3354,5102.0616,25,1
"rolands","dubljevic",33,27,707.25,116,19,43,25,72,3,5,2,37,142,100,0,36,25,0,0,16,78,31,0,0,0,1264.1536,3012.0045,32,0
"romero","butler",17,5,191.57,32,1,6,10,23,0,0,0,8,24,9,0,8,5,0,0,3,30,2,0,0,0,345.1665,2171.124,37,0
"ron","macculloch",8,8,265,85,26,50,5,17,18,24,4,2,30,36,0,30,8,0,0,0,21,30,0,0,0,485.6847,2217.6549,25,0
"ronald","kapono",2,2,57.95,33,6,12,5,9,6,8,1,0,5,7,0,5,2,0,0,0,4,10,0,0,0,102.7964,718.4252,30,0
"rooks","bellato",12,0,77.54,17,4,9,3,9,0,0,1,2,8,7,0,16,3,0,0,2,11,4,0,0,0,134.5942,4545.4563,25,0
"roos","strautins",15,7,326.46,84,20,44,10,29,14,20,3,7,25,31,0,15,15,0,0,1,40,17,0,0,0,582.9315,3937.2454,29,0
"roscoe","bartolome",46,23,806.63,223,38,70,45,107,12,19,6,21,62,50,0,33,17,0,0,4,91,31,0,0,0,1466.7899,4389.9309,31,0
"rousselle","okafor",11,7,174.49,77,13,35,10,30,21,29,4,4,17,10,0,19,7,0,0,1,26,23,0,0,0,317.3989,2491.9771,32,0
"ruan","langhi",27,1,455.73,147,41,73,13,40,26,35,3,34,74,13,0,22,7,0,0,12,43,53,0,0,0,812.1568,2085.0472,26,0
"rubit","baldasso",19,9,263.49,119,49,87,2,7,15,34,6,13,38,16,0,16,3,0,0,3,21,39,0,0,0,449.8314,2065.7281,29,0
"rudez","mills",10,1,224.56,111,25,51,9,38,34,40,9,3,15,25,0,17,8,0,0,0,18,32,0,0,0,424.7412,756.5749,28,0
"rudy","colom",7,6,194.9,95,31,62,4,12,21,25,5,19,31,11,0,15,2,0,0,6,23,22,0,0,0,342.3972,1147.18,27,0
"russell","hayes",28,27,874,411,103,219,32,89,109,152,13,46,106,82,0,62,38,0,0,1,70,143,0,0,0,1671.3037,2332.9411,27,0
"sacchetti","perrantes",9,6,216.54,102,42,79,0,1,18,40,3,27,43,6,0,25,2,0,0,5,22,33,0,0,0,406.3432,910.1157,25,0
"sajus","theodore",11,6,163.42,47,13,31,5,19,6,8,4,3,10,4,0,8,5,0,0,2,18,13,0,0,0,283.1722,2018.6982,28,0
"salin","mccall",10,0,164,67,27,46,0,0,13,18,0,17,28,3,0,12,5,0,0,12,24,12,0,0,0,309.9498,2277.3753,33,0
"salvatore","forte",11,10,340.55,161,37,83,13,38,48,58,8,9,39,43,0,35,10,0,0,0,22,59,0,0,0,609.6207,1163.5834,32,0
"sam","howard",11,1,175,43,11,24,4,21,9,10,2,7,18,5,0,9,4,0,0,4,24,8,0,0,0,322.1667,2448.4668,34,0
"samuel","re",30,18,653.15,205,50,102,27,95,24,35,6,18,73,36,0,29,18,0,0,7,63,35,0,0,0,1163.4622,2137.5855,27,1
"san miguel","bertans",11,3,284.13,137,36,63,15,31,20,27,4,12,58,17,0,15,14,0,0,7,24,30,0,0,0,499.1551,1147.18,27,1
"sant-roos","reaves",27,26,913,496,121,256,53,146,95,135,26,35,100,27,0,75,32,0,0,8,64,105,0,0,0,1754.6484,2315.8284,26,0
"santana","blatche",25,19,320.1,127,54,98,1,2,16,22,7,23,45,6,0,21,1,0,0,9,55,21,0,0,0,560.9145,2174.6029,30,0
"saric","melli",21,21,532.53,179,41,106,20,62,37,54,9,7,41,82,0,61,28,0,0,0,56,56,0,0,0,949.9186,2309.9827,27,0
"sastre","milton",4,1,68.83,27,5,10,4,16,5,5,2,1,10,3,0,3,0,0,0,1,8,4,0,0,0,126.4107,734.6112,34,0
"savas","dellavedova",15,7,397.39,168,42,70,22,55,18,23,4,12,64,21,0,15,13,0,0,0,41,19,0,0,0,714.9962,1169.489,34,0
"scalabrine","ellis",15,6,233.02,90,28,65,7,16,13,16,4,10,23,3,0,18,10,0,0,2,34,16,0,0,0,404.7729,2371.102,25,0
"scottie","ribas",54,47,1256.47,568,88,182,78,218,158,179,8,17,111,330,0,127,69,0,0,1,118,229,0,0,0,2286.2978,4389.9309,29,1
"semen","morse",10,0,85.93,15,4,14,2,12,1,2,4,3,9,4,0,4,2,0,0,5,11,4,0,0,0,150.9727,1143.3911,19,0
"seraphin","cardinal",30,30,737,321,93,171,31,103,42,71,10,40,157,14,0,62,29,0,0,37,93,87,0,0,0,1405.2445,2316.6513,27,0
"serpilli","scuka",18,3,402.51,167,53,99,10,34,31,38,10,14,45,33,0,20,13,0,0,2,36,52,0,0,0,727.7416,1319.8428,26,0
"sertac","wesson",19,17,502.52,231,44,104,31,75,50,66,6,17,73,35,0,51,26,0,0,3,52,55,0,0,0,892.8813,2425.3316,35,0
"sessions","mozgov",3,1,44.18,15,4,8,2,2,1,1,0,0,4,9,0,6,2,0,0,0,8,2,0,0,0,78.2559,2152.1399,31,0
"shai","drew",28,21,721.35,270,75,148,28,60,36,42,9,26,75,154,0,75,28,0,0,3,76,71,0,0,0,1203.2892,2035.0875,27,0
"shake","dimec",14,9,326.79,108,28,57,15,42,7,7,0,3,43,22,0,16,7,0,0,2,25,13,0,0,0,590.562,2350.5151,28,0
"shakur","micic",4,0,23.71,2,1,2,0,4,0,0,0,0,1,1,0,0,0,0,0,0,2,0,0,0,0,43.2423,4019.0514,27,0
"shamarkus","bako",28,21,652,294,74,141,33,85,47,60,4,19,72,30,0,43,17,0,0,4,81,48,0,0,0,1212.3042,2249.8283,33,0
"shawn","lammers",6,0,32.57,8,2,4,0,1,4,4,0,1,4,1,0,1,1,0,0,0,5,4,0,0,0,59.1285,2114.9654,37,0
"shawnelle","sura",15,15,429.44,93,37,81,2,8,13,17,2,10,32,60,0,31,14,0,0,1,42,33,0,0,0,740.8502,1138.5949,36,0
"shayne","withers",8,7,194.15,93,31,57,6,13,13,17,10,7,30,21,0,22,8,0,0,2,29,19,0,0,0,333.8927,2003.5177,26,0
"shengelia","stewart",13,2,132.4,39,15,31,1,8,6,6,1,10,25,5,0,10,5,0,0,5,25,9,0,0,0,237.3904,1156.4713,33,0
"shirley","oroz",30,27,908,316,90,188,25,89,61,88,13,33,73,96,0,77,26,0,0,4,96,107,0,0,0,1667.3534,2249.4581,24,0
"shved","winslow",10,10,230.41,113,44,84,0,1,25,39,4,31,45,11,0,23,11,0,0,7,33,45,0,0,0,428.6616,753.4628,30,0
"sikma","dibartolomeo",28,28,901.37,373,110,224,32,114,57,96,14,12,126,254,0,92,31,0,0,3,78,116,0,0,0,1649.4951,2232.5655,31,0
"simisola","huskic",6,0,137.44,39,7,15,6,22,7,9,2,0,11,17,0,12,5,0,0,0,4,16,0,0,0,244.9898,1167.5413,35,0
"sipahi","robbie",6,4,166.65,88,35,64,0,1,18,32,2,10,41,9,0,13,6,0,0,3,11,28,0,0,0,292.3625,4003.0798,27,0
"smits","mcleod",28,24,620.24,244,95,157,0,0,54,79,6,58,105,22,0,56,8,0,0,19,67,77,0,0,0,1116.6238,2142.3753,26,0
"sola","mirotic",10,10,267.8,128,30,60,16,41,20,22,3,1,22,62,0,33,15,0,0,2,32,29,0,0,0,498.6218,903.0305,19,1
"spanoulis","belinelli",14,0,274.84,147,35,79,14,53,35,42,3,11,33,42,0,40,12,0,0,2,38,40,0,0,0,491.9778,1235.1534,25,0
"speedy","faverani",2,0,40.25,18,5,14,1,6,5,6,0,3,4,2,0,3,1,0,0,0,2,9,0,0,0,71.2684,2124.7787,33,0
"spencer","cleaves",69,56,1623.11,733,307,494,1,3,116,172,14,188,311,78,0,82,52,0,0,71,195,179,0,0,0,2919.533,4982.2239,26,1
"splitter","jerrett",14,10,87.06,30,14,24,0,0,2,6,3,8,15,3,0,10,3,0,0,1,17,11,0,0,0,150.9594,1257.1104,35,0
"stefano","magette",45,22,709.28,277,97,173,7,26,62,76,11,47,85,23,0,31,35,0,0,19,101,83,0,0,0,1240.2864,4241.6615,28,0
"stefhon","ochefu",8,7,172,46,16,34,1,17,11,19,0,4,18,5,0,13,4,0,0,2,27,18,0,0,0,305.6168,2487.5785,31,0
"steve","macoha",29,28,612.89,199,54,86,23,72,22,43,5,34,125,45,0,30,34,0,0,27,68,44,0,0,0,1115.1436,2183.3701,22,1
"stockton","pruitt",10,4,159.6,40,11,20,5,23,3,5,0,6,24,5,0,8,1,0,0,2,22,7,0,0,0,283.3656,1136.2959,30,0
"stoilov","radojevic",6,2,119.23,45,14,29,0,1,17,24,2,7,24,4,0,11,1,0,0,3,15,16,0,0,0,212.9465,1786.0356,34,0
"stoll","gutierrez",4,0,36.4,7,0,4,2,5,1,2,1,1,7,3,0,2,0,0,0,1,10,3,0,0,0,65.7174,1372.1367,30,0
"stone","deng",5,5,170.95,80,23,43,5,17,19,23,3,6,10,31,0,12,1,0,0,0,10,28,0,0,0,302.5474,433.6118,34,0
"stoudemire","wanamaker",21,7,354.96,96,8,17,24,56,8,10,2,0,12,24,0,11,7,0,0,0,39,22,0,0,0,639.559,2171.124,31,0
"strautins","matthews",21,16,526.28,219,60,124,25,75,24,36,7,28,63,21,0,39,19,0,0,16,64,46,0,0,0,969.5029,1768.5673,32,0
"sulaimon","dellosto",37,10,805.84,418,99,173,59,133,43,50,6,29,121,48,0,36,21,0,0,8,65,52,0,0,0,1468.0223,4389.9309,30,0
"sundiata","ladurner",56,54,1288.39,437,172,247,0,1,93,133,6,137,280,34,0,57,30,0,0,114,121,128,0,0,0,2346.8102,4389.9309,28,0
"sundov","faried",17,16,461.78,229,81,146,9,28,40,50,8,38,68,18,0,31,6,0,0,7,47,41,0,0,0,850.2962,3109.3534,28,0
"sviatoslav","radovic",9,1,156.25,63,16,28,9,21,4,8,1,6,9,10,0,9,5,0,0,0,16,12,0,0,0,278.3938,3825.6822,30,0
"talib","barreiro",29,0,309.86,148,44,81,7,35,39,57,5,25,57,5,0,23,9,0,0,6,52,50,0,0,0,559.6492,4982.2239,26,0
"tambone","flaccadori",3,3,53.01,31,14,22,0,0,3,5,1,4,9,0,0,5,0,0,0,4,2,8,0,0,0,91.6073,1105.9925,26,0
"tanoulis","graham",36,26,933.02,498,187,306,8,26,100,144,11,58,171,54,0,101,21,0,0,45,117,168,0,0,0,1667.7624,3012.0045,31,0
"taurean","stoilov",10,6,179.18,88,33,66,4,18,10,16,6,13,18,6,0,20,3,0,0,0,16,18,0,0,0,318.7044,2356.7622,26,0
"terence","welsh",10,9,323.49,111,22,68,15,35,22,26,4,11,38,21,0,11,5,0,0,0,29,34,0,0,0,567.8844,702.1972,39,0
"tevfik","georges-hunt",37,36,968,420,101,220,57,137,47,64,15,24,88,47,0,69,15,0,0,5,80,73,0,0,0,1746.6102,2769.6763,24,0
"thanasis","campazzo",8,1,211.91,130,31,59,13,31,29,36,3,7,27,27,0,17,10,0,0,0,13,30,0,0,0,381.9545,576.7836,32,0
"thon","knight",17,12,365.84,210,88,150,1,4,31,57,9,39,80,18,0,26,8,0,0,12,35,52,0,0,0,704.7187,1463.9594,28,0
"tibor","goldwire",15,0,230.88,133,47,80,1,2,36,51,1,15,35,9,0,34,10,0,0,19,52,61,0,0,0,403.9046,1128.3718,20,1
"tim","hlinason",28,22,655.24,334,69,166,49,134,49,65,6,27,85,30,0,59,29,0,0,13,66,68,0,0,0,1165.4643,2356.7622,32,0
"todd","bendzius",9,9,288.22,139,39,83,7,20,40,50,2,1,21,66,0,20,9,0,0,0,18,50,0,0,0,511.2678,718.4252,29,0
"tokoto","maxwell",27,27,681.92,332,102,222,21,73,65,79,15,19,71,125,0,75,30,0,0,10,51,92,0,0,0,1187.2718,2124.1148,30,0
"tolga","konate",26,5,371.41,105,28,47,13,47,10,18,4,15,53,30,0,19,10,0,0,6,52,19,0,0,0,674.2678,2114.9654,20,1
"tom","cacok",56,42,855.88,356,155,268,0,0,46,91,20,81,96,17,0,76,32,0,0,37,150,81,0,0,0,1509.2389,4338.0147,32,0
"tomer","chillo",21,16,618,326,64,128,39,108,81,112,16,15,62,60,0,48,20,0,0,1,61,97,0,0,0,1149.1616,1785.1055,31,0
"tomeu","palmi",16,1,322.59,168,37,65,20,55,34,45,3,7,44,14,0,22,11,0,0,4,22,45,0,0,0,578.397,1156.4713,19,0
"toney","bonga",6,6,127.43,72,26,36,2,8,14,25,1,4,28,19,0,9,8,0,0,1,10,25,0,0,0,231.3399,2114.9654,32,0
"tonut","bane",48,2,540.9,254,105,162,0,0,44,63,15,59,99,19,0,35,18,0,0,25,83,58,0,0,0,997.5025,5389.5721,22,1
"torraye","blake",5,0,15.85,5,2,3,0,2,1,1,0,0,4,1,0,2,0,0,0,0,2,1,0,0,0,27.2935,2066.3989,19,1
"tote","cesar",23,22,597.66,182,26,68,36,121,22,29,3,7,52,107,0,45,55,0,0,2,57,50,0,0,0,1100.9978,1768.5673,29,0
"toupane","cate",12,12,421.38,149,30,64,24,68,17,25,4,8,31,96,0,39,11,0,0,1,26,43,0,0,0,758.1597,1169.489,31,0
"tracy","snow",61,13,1156.97,491,80,139,93,250,52,65,9,52,153,34,0,59,16,0,0,6,169,58,0,0,0,2074.9278,4614.3381,31,0
"trae","sosa",15,1,251.41,114,24,53,16,40,18,23,5,6,27,7,0,20,4,0,0,3,29,20,0,0,0,437.3593,2096.2525,28,0
"treier","courby",39,33,819.12,425,51,106,85,186,68,86,4,22,120,17,0,44,28,0,0,10,59,96,0,0,0,1489.4309,4389.9309,31,0
"troy","floyd",14,8,220,109,44,83,0,1,21,33,4,30,42,12,0,37,8,0,0,6,26,35,0,0,0,402.6857,3340.4611,34,0
"tskitishvili","ekezie",26,22,688,293,76,139,23,73,72,109,11,47,111,20,0,53,45,0,0,6,89,118,0,0,0,1262.7311,2220.7917,33,0
"tyler","sabonis",14,6,280,99,36,75,5,17,12,23,5,38,30,9,0,16,8,0,0,1,20,23,0,0,0,535.8229,2545.1586,25,0
"tyrus","papagiannis",2,0,19.56,10,4,5,0,0,2,4,0,0,0,2,0,3,1,0,0,0,3,2,0,0,0,32.5948,2357.9389,25,0
"udoka","gonzalez",6,5,174,71,11,26,12,26,13,16,3,3,18,11,0,15,5,0,0,2,17,17,0,0,0,319.2596,1614.6464,25,0
"udom","ross",2,2,38.38,15,6,11,0,0,3,6,1,4,11,5,0,4,2,0,0,1,8,5,0,0,0,70.9256,2217.5675,34,0
"udonis","owens",11,10,310.41,112,29,64,11,29,21,29,5,11,38,33,0,22,18,0,0,4,27,36,0,0,0,531.3403,838.7375,26,0
"v.j.","bosh",4,0,8.41,6,2,2,0,0,2,2,0,0,1,0,0,1,0,0,0,0,3,1,0,0,0,14.9035,2445.5063,20,0
"valanciunas","scalabrine",18,10,396.77,149,27,57,19,53,38,42,7,11,45,18,0,14,11,0,0,8,49,38,0,0,0,699.8806,4338.0147,27,0
"valerio","kraag",9,2,150.3,119,22,40,19,30,18,21,2,9,24,11,0,10,4,0,0,1,21,22,0,0,0,261.8775,1540.2368,25,0
"van den eynde","sacchetti",16,4,425.64,197,20,30,42,83,31,35,2,25,63,21,0,8,15,0,0,7,33,31,0,0,0,737.672,1542.4666,28,1
"vander","tucker",17,8,208.29,96,40,73,0,0,16,30,4,20,43,4,0,32,6,0,0,8,46,28,0,0,0,367.7675,5200.9683,33,0
"vashil","emchenko",17,2,247.7,68,22,43,0,0,24,34,4,34,42,9,0,12,2,0,0,5,39,24,0,0,0,434.326,1560.5436,27,0
"vesely","house",6,0,41.71,12,3,8,0,0,6,10,1,5,6,1,0,3,0,0,0,0,11,6,0,0,0,72.6201,2124.1148,26,0
"viacheslav","kyser",43,37,822.77,426,120,228,38,93,72,111,16,42,128,44,0,63,19,0,0,4,90,104,0,0,0,1460.2936,3722.2186,40,0
"vinales","chikoko",16,15,403.46,176,44,87,18,64,34,41,7,29,74,13,0,27,12,0,0,9,43,48,0,0,0,704.7734,1128.4654,24,0
"vitaly","capela",6,5,175.29,75,35,72,0,2,5,10,4,13,36,6,0,12,6,0,0,3,10,15,0,0,0,283.4866,388.1352,28,0
"vittorio","reed",6,1,114.32,48,7,18,8,21,10,13,2,2,13,14,0,9,2,0,0,0,8,18,0,0,0,194.8652,3132.4878,27,0
"vives","wolters",24,4,294.07,50,8,15,10,31,4,5,0,15,42,5,0,7,3,0,0,2,21,11,0,0,0,505.6903,2312.8863,36,0
"vladimir","goodrich",10,4,260.56,123,29,82,14,33,23,32,2,2,26,42,0,29,6,0,0,2,34,29,0,0,0,465.3367,1285.8658,32,0
"voigtmann","kljajic",10,8,270.48,131,43,61,10,33,15,19,6,19,34,15,0,13,9,0,0,4,14,21,0,0,0,487.6902,721.2362,26,0
"vouyoukas","putney",24,12,447,128,39,89,6,32,32,49,10,17,40,42,0,55,14,0,0,3,59,59,0,0,0,774.089,3766.7182,26,0
"vranjes","colson",16,14,333.01,109,8,24,28,60,9,12,3,8,28,26,0,17,2,0,0,1,28,19,0,0,0,589.6785,1131.9858,33,0
"vytenis","world",24,19,575.97,201,49,124,25,70,28,33,11,15,39,25,0,38,16,0,0,6,57,38,0,0,0,986.382,1645.7579,25,1
"wafer","blalock",4,2,60.83,26,7,18,0,0,12,20,2,8,10,2,0,9,2,0,0,1,8,16,0,0,0,103.8507,1109.7057,28,0
"wally","ehigiator",3,3,92.63,35,5,10,5,27,10,17,2,3,13,6,0,8,5,0,0,0,8,17,0,0,0,162.6113,702.1972,35,0
"walter","crotty",11,5,258.57,98,22,39,14,29,12,14,1,14,29,7,0,8,10,0,0,1,19,18,0,0,0,484.3703,1283.1833,28,0
"walton jr.","antic",11,0,225.46,82,16,51,15,50,5,6,3,6,23,22,0,15,8,0,0,0,21,15,0,0,0,415.3381,1768.5673,34,0
"ware","milaknis",11,11,357,241,63,124,18,49,61,76,8,21,58,23,0,39,19,0,0,3,30,62,0,0,0,643.8379,2173.1785,30,0
"watkins","brown",16,16,462.59,179,32,80,24,88,43,54,4,11,58,69,0,39,26,0,0,0,45,52,0,0,0,826.144,1285.8658,31,0
"wayne","varda",6,0,75.62,16,4,19,0,0,8,13,6,5,14,1,0,5,3,0,0,0,13,7,0,0,0,133.1965,2421.9329,31,0
"wayns","jordan",10,6,275.08,109,26,39,16,46,9,15,2,9,38,15,0,9,11,0,0,6,22,20,0,0,0,473.4359,688.4338,27,0
"welsch","fontecchio",4,0,44.12,18,6,12,0,1,6,12,0,2,13,1,0,6,1,0,0,4,8,9,0,0,0,80.2547,2491.9771,26,0
"wenyen","harrell",15,13,385,136,33,74,16,51,22,30,3,9,28,16,0,22,23,0,0,7,31,27,0,0,0,690.8147,1722.5509,26,0
"wilks","dee",27,6,370.08,113,23,34,15,37,22,26,3,12,45,14,0,10,9,0,0,2,41,30,0,0,0,645.546,2101.9355,25,0
"willy","udom",17,16,425,99,44,95,0,0,11,22,6,41,90,21,0,25,10,0,0,18,42,35,0,0,0,792.2936,2619.2296,27,0
"wiltjer","whitney",24,20,736.29,309,67,130,48,120,31,42,8,16,117,99,0,54,33,0,0,3,50,54,0,0,0,1371.8095,3038.3748,32,0
"wolkowyski","carlisle",25,9,496.6,267,66,149,25,64,60,74,6,8,47,28,0,22,17,0,0,5,47,87,0,0,0,884.6065,2360.2606,36,0
"woods","harrow",33,10,840.05,538,77,135,84,227,132,152,11,6,70,192,0,98,24,0,0,6,55,132,0,0,0,1588.5538,3035.1153,33,0
"wright","chubrevich",23,0,429.65,78,28,55,2,27,16,17,3,8,42,41,0,21,18,0,0,4,54,19,0,0,0,748.0516,2124.1148,31,0
"xavi","kalinov",34,29,969.89,502,136,255,39,121,113,150,15,33,134,104,0,86,46,0,0,3,100,134,0,0,0,1834.6691,3470.5047,27,0
"yanick","larentzakis",24,17,688.6,382,88,153,40,100,86,90,10,20,52,71,0,69,15,0,0,1,46,110,0,0,0,1175.5813,2065.7281,33,0
"yannick","afflalo",12,9,280.69,93,37,70,2,10,13,22,3,20,47,18,0,11,13,0,0,3,31,19,0,0,0,513.4786,2131.2336,27,0
"yigitcan","cerella",9,1,120.35,38,6,12,5,12,11,11,1,4,9,6,0,6,2,0,0,1,11,8,0,0,0,205.4621,2065.7281,30,0
"yildizli","sullinger",14,12,339.31,142,59,89,0,1,24,27,1,23,43,10,0,22,10,0,0,23,24,27,0,0,0,623.7494,1176.5114,35,0
"yoeli","dudzinski",8,5,148.59,52,17,24,0,2,18,20,0,18,23,7,0,11,3,0,0,2,18,12,0,0,0,261.0405,1147.18,25,0
"yonatan","broekhoff",36,27,844.01,309,75,138,47,111,18,20,9,52,119,18,0,33,21,0,0,8,61,33,0,0,0,1599.0404,3438.665,33,0
"youssou","mercer",14,7,385.73,188,68,134,0,2,52,77,8,28,94,7,0,21,11,0,0,11,28,61,0,0,0,680.0133,3138.0121,26,0
"youssoufa","vucevic",2,0,1.62,0,0,0,0,1,0,0,0,0,1,0,0,1,0,0,0,0,0,0,0,0,0,2.9024,1954.6239,34,0
"yudai","baba",4,0,54,11,5,10,0,4,1,1,0,1,5,1,0,2,2,0,0,0,8,4,0,0,0,100.5598,1797.0413,38,0
"zagars","vroman",27,15,383,201,73,129,0,0,55,84,7,37,49,9,0,45,11,0,0,9,60,66,0,0,0,677.5481,4123.9921,29,0
"zan","brissett",11,11,216.39,100,34,55,0,0,32,46,2,20,33,11,0,23,9,0,0,8,36,32,0,0,0,392.8403,2114.9654,29,0
"zanna","bairstow",20,18,597,260,64,132,26,119,54,68,6,14,52,95,0,67,26,0,0,1,56,106,0,0,0,1111.7447,1797.0413,33,0
"zaza","neal",22,21,694,265,82,138,20,58,41,57,1,17,103,81,0,59,31,0,0,9,55,65,0,0,0,1291.6878,2261.3843,35,0
"zeisloft","kelly",16,16,341.91,171,63,114,0,0,45,57,4,57,75,10,0,30,7,0,0,6,46,41,0,0,0,612.0552,1163.5834,29,0
"zhou","gandini",8,8,165.67,76,21,39,6,17,16,27,2,8,36,7,0,8,12,0,0,12,17,25,0,0,0,292.1788,1128.7304,25,0
"zubkov","mcinnis",32,26,822,399,117,232,28,101,81,104,19,22,89,151,0,69,25,0,0,2,61,100,0,0,0,1569.867,2616.4451,30,0
