Player,Age,Tm,G,GS,MP,FG,FGA,FG%,3P,3PA,3P%,2P,2PA,2P%,eFG%,FT,FTA,FT%,ORB,DRB,TRB,AST,STL,BLK,TOV,PF,PTS,season,mvpLastSeason,mvpLast3Seasons,allNba1LastSeason,allNba1Last3Season,allNba2LastSeason,allNba2Last3Season,allNba3LastSeason,allNba3Last3Season,dpoyLastSeason,dpoyLast3Season,smoyLastSeason,smoyLast3Season,mipLastSeason,mipLast3Season,faSeason,contractAmt,contractTerm,Pos_C,Pos_C-PF,Pos_PF,Pos_PF-C,Pos_PF-SF,Pos_PG,Pos_PG-SG,Pos_SF,Pos_SF-C,Pos_SF-PF,Pos_SF-SG,Pos_SG,Pos_SG-PF,Pos_SG-PG,Pos_SG-SF,faType_RFA,faType_UFA,cap,contract%cap
Carmelo Anthony,35,POR,58,58,1902,336,782,.430,87,226,.385,249,556,.448,.485,136,161,.845,71,297,368,85,49,27,100,171,895,2020,0,0,0,0,0,0,0,0,0,0,0,0,0,0,1,2564753.0,1.0,0,0,1,0,0,0,0,0,0,0,0,0,0,0,0,0,1,109140000.0,0.023499660985889684
DJ Augustin,32,ORL,57,13,1420,184,461,.399,70,201,.348,114,260,.438,.475,161,181,.890,22,100,122,262,34,1,86,72,599,2020,0,0,0,0,0,0,0,0,0,0,0,0,0,0,1,21000000.0,3.0,0,0,0,0,0,1,0,0,0,0,0,0,0,0,0,0,1,109140000.0,0.06413780465457211
Dwayne Bacon,24,CHO,39,11,687,85,244,.348,19,67,.284,66,177,.373,.387,35,53,.660,15,85,100,52,23,2,37,52,224,2020,0,0,0,0,0,0,0,0,0,0,0,0,0,0,1,3502857.0,2.0,0,0,0,0,0,0,0,0,0,0,0,1,0,0,0,0,1,109140000.0,0.016047539857064322
JJ Barea,35,DAL,29,6,450,85,207,.411,32,85,.376,53,122,.434,.488,20,22,.909,10,43,53,112,5,2,38,27,222,2020,0,0,0,0,0,0,0,0,0,0,0,0,0,0,1,2564753.0,1.0,0,0,0,0,0,1,0,0,0,0,0,0,0,0,0,0,1,109140000.0,0.023499660985889684
Nicolas Batum,31,CHO,22,3,505,28,81,.346,14,49,.286,14,32,.438,.432,9,10,.900,25,75,100,66,17,8,22,41,79,2020,0,0,0,0,0,0,0,0,0,0,0,0,0,0,1,2564753.0,1.0,0,0,0,0,0,0,0,1,0,0,0,0,0,0,0,0,1,109140000.0,0.023499660985889684
Aron Baynes,33,PHO,42,28,934,183,381,.480,59,168,.351,124,213,.582,.558,56,75,.747,71,166,237,67,10,23,50,141,481,2020,0,0,0,0,0,0,0,0,0,0,0,0,0,0,1,14350000.0,2.0,1,0,0,0,0,0,0,0,0,0,0,0,0,0,0,0,1,109140000.0,0.06574124977093641
Kent Bazemore,30,TOT,68,21,1688,200,534,.375,84,244,.344,116,290,.400,.453,113,147,.769,27,267,294,93,74,40,91,196,597,2020,0,0,0,0,0,0,0,0,0,0,0,0,0,0,1,2320044.0,1.0,0,0,0,0,0,0,0,1,0,0,0,0,0,0,0,0,1,109140000.0,0.021257504123144585
Malik Beasley,23,TOT,55,14,1209,227,534,.425,107,276,.388,120,258,.465,.525,54,66,.818,18,130,148,75,40,8,57,77,615,2020,0,0,0,0,0,0,0,0,0,0,0,0,0,0,1,60000000.0,4.0,0,0,0,0,0,0,0,0,0,0,0,1,0,0,0,1,0,109140000.0,0.13743815283122596
DeAndre' Bembry,25,ATL,43,4,915,104,228,.456,15,65,.231,89,163,.546,.489,26,48,.542,34,118,152,81,55,19,60,84,249,2020,0,0,0,0,0,0,0,0,0,0,0,0,0,0,1,3714156.0,2.0,0,0,0,0,0,0,0,0,0,0,0,1,0,0,0,0,1,109140000.0,0.017015557998900494
Davis Bertans,27,WAS,54,4,1583,265,610,.434,200,472,.424,65,138,.471,.598,104,122,.852,35,210,245,92,37,33,59,139,834,2020,0,0,0,0,0,0,0,0,0,0,0,0,0,0,1,80000000.0,5.0,0,0,1,0,0,0,0,0,0,0,0,0,0,0,0,0,1,109140000.0,0.1466006963533077
Bismack Biyombo,27,CHO,53,29,1029,151,278,.543,0,0,,151,278,.543,.543,91,151,.603,120,188,308,50,10,49,48,116,393,2020,0,0,0,0,0,0,0,0,0,0,0,0,0,0,1,3500000.0,1.0,1,0,0,0,0,0,0,0,0,0,0,0,0,0,0,0,1,109140000.0,0.032068902327286056
Bogdan Bogdanovic,27,SAC,61,28,1766,337,766,.440,164,441,.372,173,325,.532,.547,86,116,.741,26,181,207,207,64,15,102,133,924,2020,0,0,0,0,0,0,0,0,0,0,0,0,0,0,1,72000000.0,4.0,0,0,0,0,0,0,0,0,0,0,0,1,0,0,0,1,0,109140000.0,0.16492578339747113
Chris Boucher,27,TOR,62,0,819,141,299,.472,38,118,.322,103,181,.569,.535,91,116,.784,107,170,277,26,22,61,28,114,411,2020,0,0,0,0,0,0,0,0,0,0,0,0,0,0,1,13520000.0,2.0,1,0,0,0,0,0,0,0,0,0,0,0,0,0,0,1,0,109140000.0,0.061938794209272494
Avery Bradley,29,LAL,49,44,1186,170,383,.444,63,173,.364,107,210,.510,.526,20,24,.833,18,97,115,63,43,5,47,110,423,2020,0,0,0,0,0,0,0,0,0,0,0,0,0,0,1,5635000.0,1.0,0,0,0,0,0,0,0,0,0,0,0,1,0,0,0,0,1,109140000.0,0.05163093274693055
Oshae Brissett,21,TOR,19,0,135,13,36,.361,3,15,.200,10,21,.476,.403,8,10,.800,9,17,26,7,4,1,7,18,37,2020,0,0,0,0,0,0,0,0,0,0,0,0,0,0,1,3147290.0,2.0,0,0,0,0,0,0,0,1,0,0,0,0,0,0,0,1,0,109140000.0,0.014418590800806303
Trey Burke,27,TOT,33,1,520,94,209,.450,32,75,.427,62,134,.463,.526,23,29,.793,16,34,50,83,16,2,21,33,243,2020,0,0,0,0,0,0,0,0,0,0,0,0,0,0,1,9450000.0,3.0,0,0,0,0,0,1,0,0,0,0,0,0,0,0,0,0,1,109140000.0,0.028862012094557448
Alec Burks,28,TOT,66,19,1754,321,768,.418,116,301,.385,205,467,.439,.493,235,265,.887,48,234,282,189,62,17,91,128,993,2020,0,0,0,0,0,0,0,0,0,0,0,0,0,0,1,6000000.0,1.0,0,0,0,0,0,0,0,0,0,0,1,0,0,0,0,0,1,109140000.0,0.05497526113249038
Kentavious Caldwell-Pope,26,LAL,69,26,1762,237,507,.467,92,239,.385,145,268,.541,.558,79,102,.775,38,104,142,111,57,14,62,128,645,2020,0,0,0,0,0,0,0,0,0,0,0,0,0,0,1,39116585.0,3.0,0,0,0,0,0,0,0,0,0,0,0,1,0,0,0,0,1,109140000.0,0.11946913749923645
Jevon Carter,24,PHO,58,2,945,101,243,.416,62,146,.425,39,97,.402,.543,23,27,.852,30,88,118,84,47,17,32,86,287,2020,0,0,0,0,0,0,0,0,0,0,0,0,0,0,1,11500000.0,3.0,0,0,0,0,0,1,0,0,0,0,0,0,0,0,0,1,0,109140000.0,0.0351230835013133
Michael Carter-Williams,28,ORL,45,0,833,111,260,.427,22,75,.293,89,185,.481,.469,79,95,.832,46,101,147,109,49,22,52,87,323,2020,0,0,0,0,0,0,0,0,0,0,0,0,0,0,1,6600000.0,2.0,0,0,0,0,0,0,0,0,0,0,0,1,0,0,0,0,1,109140000.0,0.030236393622869707
Willie Cauley-Stein,26,TOT,54,39,1097,175,302,.579,0,1,.000,175,301,.581,.579,40,66,.606,84,231,315,70,49,61,40,121,390,2020,0,0,0,0,0,0,0,0,0,0,0,0,0,0,1,8200000.0,2.0,1,0,0,0,0,0,0,0,0,0,0,0,0,0,0,0,1,109140000.0,0.03756642844053509
Zylan Cheatham,24,NOP,4,0,51,6,9,.667,0,1,.000,6,8,.750,.667,0,0,,3,6,9,3,1,1,4,10,12,2020,0,0,0,0,0,0,0,0,0,0,0,0,0,0,1,4994028.0,3.0,0,0,1,0,0,0,0,0,0,0,0,0,0,0,0,1,0,109140000.0,0.015252666300164926
Gary Clark,25,TOT,42,5,567,54,133,.406,39,111,.351,15,22,.682,.553,9,10,.900,37,73,110,17,6,22,10,46,156,2020,0,0,0,0,0,0,0,0,0,0,0,0,0,0,1,4100000.0,2.0,0,0,0,0,0,0,0,0,0,1,0,0,0,0,0,1,0,109140000.0,0.018783214220267547
Jordan Clarkson,27,TOT,71,2,1705,394,867,.454,152,413,.368,242,454,.533,.542,138,165,.836,50,137,187,136,46,16,97,108,1078,2020,0,0,0,0,0,0,0,0,0,0,0,0,0,0,1,51520000.0,4.0,0,0,0,0,0,0,0,0,0,0,0,1,0,0,0,0,1,109140000.0,0.11801356056441269
Pat Connaughton,27,MIL,67,4,1243,137,301,.455,55,166,.331,82,135,.607,.547,31,40,.775,60,224,284,107,25,31,52,70,360,2020,0,0,0,0,0,0,0,0,0,0,0,0,0,0,1,16000000.0,3.0,0,0,0,0,0,0,0,0,0,0,0,1,0,0,0,0,1,109140000.0,0.04886689878443589
Torrey Craig,29,DEN,58,27,1072,124,269,.461,45,138,.326,79,131,.603,.545,22,36,.611,63,126,189,47,23,36,25,135,315,2020,0,0,0,0,0,0,0,0,0,0,0,0,0,0,1,1678854.0,1.0,0,0,0,0,0,0,0,1,0,0,0,0,0,0,0,0,1,109140000.0,0.015382572842221
Jae Crowder,29,TOT,65,53,1875,226,563,.401,135,394,.343,91,169,.538,.521,97,125,.776,52,332,384,161,72,24,69,143,684,2020,0,0,0,0,0,0,0,0,0,0,0,0,0,0,1,29162700.0,3.0,0,0,0,0,0,0,0,0,0,1,0,0,0,0,0,0,1,109140000.0,0.08906816932380429
Anthony Davis,26,LAL,62,62,2131,551,1096,.503,72,218,.330,479,878,.546,.536,444,525,.846,142,435,577,200,91,143,154,156,1618,2020,0,0,0,2,0,0,0,0,0,0,0,0,0,0,1,189903600.0,5.0,0,0,1,0,0,0,0,0,0,0,0,0,0,0,0,0,1,109140000.0,0.348
Matthew Dellavedova,29,CLE,57,4,821,62,175,.354,21,91,.231,41,84,.488,.414,32,37,.865,18,57,75,180,20,2,59,78,177,2020,0,0,0,0,0,0,0,0,0,0,0,0,0,0,1,2174318.0,1.0,0,0,0,0,0,1,0,0,0,0,0,0,0,0,0,0,1,109140000.0,0.019922283305845702
Goran Dragic,33,MIA,59,3,1663,319,724,.441,124,338,.367,195,386,.505,.526,191,246,.776,29,158,187,301,40,10,144,124,953,2020,0,0,0,0,0,0,0,0,0,0,0,0,0,0,1,18000000.0,1.0,0,0,0,0,0,1,0,0,0,0,0,0,0,0,0,0,1,109140000.0,0.16492578339747113
Jared Dudley,34,LAL,45,1,364,24,60,.400,18,42,.429,6,18,.333,.550,2,2,1.000,6,46,52,28,15,3,8,41,68,2020,0,0,0,0,0,0,0,0,0,0,0,0,0,0,1,2564753.0,1.0,0,0,1,0,0,0,0,0,0,0,0,0,0,0,0,0,1,109140000.0,0.023499660985889684
Kris Dunn,25,CHI,51,32,1269,152,342,.444,29,112,.259,123,230,.535,.487,40,54,.741,23,163,186,173,101,17,68,158,373,2020,0,0,0,0,0,0,0,0,0,0,0,0,0,0,1,10000000.0,2.0,0,0,0,0,0,1,0,0,0,0,0,0,0,0,0,0,1,109140000.0,0.04581271761040865
Wayne Ellington,32,NYK,36,1,558,61,174,.351,50,143,.350,11,31,.355,.494,11,13,.846,4,61,65,44,13,4,18,41,183,2020,0,0,0,0,0,0,0,0,0,0,0,0,0,0,1,2564753.0,1.0,0,0,0,0,0,0,0,0,0,0,0,1,0,0,0,0,1,109140000.0,0.023499660985889684
James Ennis III,29,TOT,69,18,1265,160,359,.446,55,169,.325,105,190,.553,.522,79,98,.806,71,174,245,63,35,22,58,137,454,2020,0,0,0,0,0,0,0,0,0,0,0,0,0,0,1,3300000.0,1.0,0,0,0,0,0,0,0,0,0,0,1,0,0,0,0,0,1,109140000.0,0.030236393622869707
Drew Eubanks,22,SAS,22,3,272,43,67,.642,1,1,1.000,42,66,.636,.649,20,26,.769,28,57,85,15,5,17,21,37,107,2020,0,0,0,0,0,0,0,0,0,0,0,0,0,0,1,5294220.0,3.0,1,0,0,0,0,0,0,0,0,0,0,0,0,0,0,1,0,109140000.0,0.016169507055158513
Derrick Favors,28,NOP,51,49,1243,209,339,.617,1,7,.143,208,332,.627,.618,40,71,.563,163,338,501,81,30,46,55,107,459,2020,0,0,0,0,0,0,0,0,0,0,0,0,0,0,1,29162700.0,3.0,1,0,0,0,0,0,0,0,0,0,0,0,0,0,0,0,1,109140000.0,0.08906816932380429
Bryn Forbes,26,SAS,63,62,1579,242,581,.417,148,381,.388,94,200,.470,.544,75,90,.833,12,114,126,108,33,0,57,113,707,2020,0,0,0,0,0,0,0,0,0,0,0,0,0,0,1,4791147.0,2.0,0,0,0,0,0,0,0,0,0,0,0,1,0,0,0,0,1,109140000.0,0.021949546454095657
Wenyen Gabriel,22,TOT,30,1,235,21,48,.438,6,20,.300,15,28,.536,.500,15,22,.682,21,31,52,8,11,7,16,39,63,2020,0,0,0,0,0,0,0,0,0,0,0,0,0,0,1,3383360.0,2.0,0,0,1,0,0,0,0,0,0,0,0,0,0,0,0,0,1,109140000.0,0.015500091625435222
Danilo Gallinari,31,OKC,62,62,1834,358,817,.438,178,439,.405,180,378,.476,.547,266,298,.893,34,288,322,119,42,5,76,75,1160,2020,0,0,0,0,0,0,0,0,0,0,0,0,0,0,1,61425000.0,3.0,0,0,1,0,0,0,0,0,0,0,0,0,0,0,0,0,1,109140000.0,0.18760307861462341
Langston Galloway,28,DET,66,6,1702,236,542,.435,132,331,.399,104,211,.493,.557,73,85,.859,33,116,149,101,48,11,40,96,677,2020,0,0,0,0,0,0,0,0,0,0,0,0,0,0,1,2028594.0,1.0,0,0,0,0,0,0,0,0,0,0,0,1,0,0,0,0,1,109140000.0,0.018587080813633864
Marc Gasol,35,TOR,44,43,1161,119,279,.427,57,148,.385,62,131,.473,.529,36,49,.735,31,244,275,147,34,38,59,124,331,2020,0,0,0,0,0,0,0,0,0,0,0,0,0,0,1,5257744.0,2.0,1,0,0,0,0,0,0,0,0,0,0,0,0,0,0,0,1,109140000.0,0.024087154113982042
Harry Giles,21,SAC,46,17,667,139,251,.554,0,2,.000,139,249,.558,.554,38,49,.776,43,145,188,60,22,18,44,119,316,2020,0,0,0,0,0,0,0,0,0,0,0,0,0,0,1,1678854.0,1.0,1,0,0,0,0,0,0,0,0,0,0,0,0,0,0,0,1,109140000.0,0.015382572842221
Jerami Grant,25,DEN,71,24,1892,303,634,.478,98,252,.389,205,382,.537,.555,147,196,.750,58,190,248,88,50,57,63,154,851,2020,0,0,0,0,0,0,0,0,0,0,0,0,0,0,1,60007500.0,3.0,0,0,1,0,0,0,0,0,0,0,0,0,0,0,0,0,1,109140000.0,0.1832737768004398
Jerian Grant,27,WAS,6,0,80,10,27,.370,2,8,.250,8,19,.421,.407,5,7,.714,2,4,6,9,1,1,3,11,27,2020,0,0,0,0,0,0,0,0,0,0,0,0,0,0,1,4012890.0,2.0,0,0,0,0,0,0,0,0,0,0,0,1,0,0,0,0,1,109140000.0,0.018384139637163278
Josh Gray,26,NOP,2,0,23,1,2,.500,0,0,,1,2,.500,.500,0,0,,1,1,2,2,0,0,5,1,2,2020,0,0,0,0,0,0,0,0,0,0,0,0,0,0,1,5294220.0,3.0,0,0,0,0,0,1,0,0,0,0,0,0,0,0,0,1,0,109140000.0,0.016169507055158513
JaMychal Green,29,LAC,63,1,1307,151,352,.429,92,238,.387,59,114,.518,.560,36,48,.750,77,311,388,49,29,24,54,174,430,2020,0,0,0,0,0,0,0,0,0,0,0,0,0,0,1,14759508.0,2.0,0,0,1,0,0,0,0,0,0,0,0,0,0,0,0,0,1,109140000.0,0.06761731720725674
Jeff Green,33,TOT,48,4,960,159,344,.462,62,183,.339,97,161,.602,.552,73,91,.802,24,109,133,50,26,19,42,89,453,2020,0,0,0,0,0,0,0,0,0,0,0,0,0,0,1,2564753.0,1.0,0,0,0,1,0,0,0,0,0,0,0,0,0,0,0,0,1,109140000.0,0.023499660985889684
Maurice Harkless,26,TOT,62,48,1427,142,283,.502,34,98,.347,108,185,.584,.562,39,66,.591,55,185,240,68,58,33,53,148,357,2020,0,0,0,0,0,0,0,0,0,0,0,0,0,0,1,3623000.0,1.0,0,0,0,0,1,0,0,0,0,0,0,0,0,0,0,0,1,109140000.0,0.03319589518050211
Montrezl Harrell,26,LAC,63,2,1749,471,812,.580,0,18,.000,471,794,.593,.580,231,351,.658,163,282,445,107,39,72,108,146,1173,2020,0,0,0,0,0,0,0,0,0,0,0,0,0,0,1,18978900.0,2.0,1,0,0,0,0,0,0,0,0,0,0,0,0,0,0,0,1,109140000.0,0.08694749862561847
Joe Harris,28,BRK,69,69,2123,381,784,.486,172,406,.424,209,378,.553,.596,64,89,.719,64,234,298,144,41,17,104,159,998,2020,0,0,0,0,0,0,0,0,0,0,0,0,0,0,1,75000000.0,4.0,0,0,0,0,0,0,0,1,0,0,0,0,0,0,0,0,1,109140000.0,0.17179769103903245
Udonis Haslem,39,MIA,4,1,44,4,11,.364,1,3,.333,3,8,.375,.409,3,4,.750,1,15,16,1,0,0,1,6,12,2020,0,0,0,0,0,0,0,0,0,0,0,0,0,0,1,2564753.0,1.0,1,0,0,0,0,0,0,0,0,0,0,0,0,0,0,0,1,109140000.0,0.023499660985889684
Gordon Hayward,29,BOS,52,52,1740,350,700,.500,85,222,.383,265,478,.554,.561,124,145,.855,55,293,348,212,38,22,96,96,909,2020,0,0,0,0,0,0,0,0,0,0,0,0,0,0,1,120000000.0,4.0,0,0,0,0,0,0,0,1,0,0,0,0,0,0,0,0,1,109140000.0,0.2748763056624519
Juancho Hernangomez,24,TOT,48,14,833,100,247,.405,44,129,.341,56,118,.475,.494,44,71,.620,43,154,197,40,19,9,32,64,288,2020,0,0,0,0,0,0,0,0,0,0,0,0,0,0,1,21037320.0,3.0,0,0,1,0,0,0,0,0,0,0,0,0,0,0,0,1,0,109140000.0,0.0642517866959868
Willy Hernangomez,25,CHO,31,0,375,74,139,.532,5,22,.227,69,117,.590,.550,37,59,.627,43,91,134,29,10,7,30,32,190,2020,0,0,0,0,0,0,0,0,0,0,0,0,0,0,1,1737145.0,1.0,1,0,0,0,0,0,0,0,0,0,0,0,0,0,0,0,1,109140000.0,0.015916666666666666
Solomon Hill,28,TOT,59,4,1088,110,278,.396,63,171,.368,47,107,.439,.509,40,54,.741,29,136,165,104,43,12,51,85,323,2020,0,0,0,0,0,0,0,0,0,0,0,0,0,0,1,2174318.0,1.0,0,0,1,0,0,0,0,0,0,0,0,0,0,0,0,0,1,109140000.0,0.019922283305845702
Justin Holiday,30,IND,73,6,1826,208,486,.428,134,331,.405,74,155,.477,.566,53,67,.791,32,206,238,93,87,46,44,137,603,2020,0,0,0,0,0,0,0,0,0,0,0,0,0,0,1,18019260.0,3.0,0,0,0,0,0,0,0,1,0,0,0,0,0,0,0,0,1,109140000.0,0.05503408466190214
Rodney Hood,27,POR,21,21,619,87,172,.506,35,71,.493,52,101,.515,.608,21,27,.778,10,62,72,32,17,4,19,46,230,2020,0,0,0,0,0,0,0,0,0,0,0,0,0,0,1,20898696.0,2.0,0,0,0,0,0,0,0,1,0,0,0,0,0,0,0,0,1,109140000.0,0.09574260582737767
Dwight Howard,34,LAL,69,2,1306,202,277,.729,3,5,.600,199,272,.732,.735,110,214,.514,172,335,507,45,31,79,84,222,517,2020,0,0,0,0,0,0,0,0,0,0,0,0,0,0,1,2564753.0,1.0,1,0,0,0,0,0,0,0,0,0,0,0,0,0,0,0,1,109140000.0,0.023499660985889684
Serge Ibaka,30,TOR,55,27,1485,343,670,.512,70,182,.385,273,488,.559,.564,89,124,.718,114,338,452,77,28,46,109,153,845,2020,0,0,0,0,0,0,0,0,0,0,0,0,0,0,1,18978900.0,2.0,1,0,0,0,0,0,0,0,0,0,0,0,0,0,0,0,1,109140000.0,0.08694749862561847
Brandon Ingram,22,NOP,62,62,2104,507,1096,.463,150,384,.391,357,712,.501,.531,313,368,.851,51,329,380,259,61,38,189,179,1477,2020,0,0,0,0,0,0,0,0,0,0,0,0,0,0,1,158253000.0,5.0,0,0,1,0,0,0,0,0,0,0,0,0,0,0,0,1,0,109140000.0,0.29
Frank Jackson,21,NOP,59,2,797,134,331,.405,47,144,.326,87,187,.465,.476,56,75,.747,22,61,83,61,17,4,49,77,371,2020,0,0,0,0,0,0,0,0,0,0,0,0,0,0,1,3502857.0,2.0,0,0,0,0,0,1,0,0,0,0,0,0,0,0,0,0,1,109140000.0,0.016047539857064322
Josh Jackson,22,MEM,22,0,381,70,159,.440,23,72,.319,47,87,.540,.513,35,50,.700,11,55,66,35,18,9,28,40,198,2020,0,0,0,0,0,0,0,0,0,0,0,0,0,0,1,9772350.0,2.0,0,0,0,0,0,0,0,1,0,0,0,0,0,0,0,0,1,109140000.0,0.044769791094007694
Reggie Jackson,29,TOT,31,16,743,134,326,.411,57,145,.393,77,181,.425,.498,45,54,.833,17,75,92,126,13,5,51,59,370,2020,0,0,0,0,0,0,0,0,0,0,0,0,0,0,1,2331593.0,1.0,0,0,0,0,0,0,0,0,0,0,0,0,0,1,0,0,1,109140000.0,0.02136332233828111
DaQuan Jeffries,22,SAC,13,0,141,20,40,.500,5,18,.278,15,22,.682,.563,5,6,.833,3,15,18,7,4,1,2,19,50,2020,0,0,0,0,0,0,0,0,0,0,0,0,0,0,1,1445697.0,1.0,0,0,0,0,0,0,0,0,0,0,0,1,0,0,0,1,0,109140000.0,0.01324626168224299
Tyler Johnson,27,TOT,39,7,709,97,250,.388,38,119,.319,59,131,.450,.464,42,50,.840,18,58,76,74,16,9,29,58,274,2020,0,0,0,0,0,0,0,0,0,0,0,0,0,0,1,2028594.0,1.0,0,0,0,0,0,0,1,0,0,0,0,0,0,0,0,0,1,109140000.0,0.018587080813633864
Damian Jones,24,ATL,55,27,887,121,178,.680,2,9,.222,119,169,.704,.685,62,84,.738,74,132,206,35,26,40,28,149,306,2020,0,0,0,0,0,0,0,0,0,0,0,0,0,0,1,3714156.0,2.0,1,0,0,0,0,0,0,0,0,0,0,0,0,0,0,0,1,109140000.0,0.017015557998900494
Derrick Jones Jr,22,MIA,59,16,1375,184,349,.527,37,132,.280,147,217,.677,.580,95,123,.772,66,167,233,62,58,38,30,130,500,2020,0,0,0,0,0,0,0,0,0,0,0,0,0,0,1,18978900.0,2.0,0,0,0,0,0,0,0,1,0,0,0,0,0,0,0,0,1,109140000.0,0.08694749862561847
Frank Kaminsky,26,PHO,39,13,777,138,307,.450,41,124,.331,97,183,.530,.516,61,90,.678,35,141,176,75,14,10,37,75,378,2020,0,0,0,0,0,0,0,0,0,0,0,0,0,0,1,1882867.0,1.0,1,0,0,0,0,0,0,0,0,0,0,0,0,0,0,0,1,109140000.0,0.017251850833791462
John Konchar,23,MEM,19,0,181,24,37,.649,5,10,.500,19,27,.704,.716,1,2,.500,18,29,47,22,7,3,7,7,54,2020,0,0,0,0,0,0,0,0,0,0,0,0,0,0,1,9000000.0,4.0,0,0,0,0,0,0,0,0,0,0,0,1,0,0,0,1,0,109140000.0,0.02061572292468389
Alex Len,26,TOT,55,12,970,177,319,.555,16,59,.271,161,260,.619,.580,68,105,.648,100,221,321,50,23,48,55,127,438,2020,0,0,0,0,0,0,0,0,0,0,0,0,0,0,1,2258000.0,1.0,1,0,0,0,0,0,0,0,0,0,0,0,0,0,0,0,1,109140000.0,0.020689023272860547
Meyers Leonard,27,MIA,51,49,1034,119,234,.509,53,128,.414,66,106,.623,.622,18,28,.643,30,230,260,55,14,15,39,107,309,2020,0,0,0,0,0,0,0,0,0,0,0,0,0,0,1,9400000.0,1.0,1,0,0,0,0,0,0,0,0,0,0,0,0,0,0,0,1,109140000.0,0.08612790910756826
Robin Lopez,31,MIL,66,5,958,147,299,.492,35,105,.333,112,194,.577,.550,28,53,.528,56,105,161,45,10,45,63,96,357,2020,0,0,0,0,0,0,0,0,0,0,0,0,0,0,1,7300000.0,1.0,1,0,0,0,0,0,0,0,0,0,0,0,0,0,0,0,1,109140000.0,0.06688656771119662
Thon Maker,22,DET,60,14,776,93,193,.482,22,64,.344,71,129,.550,.539,73,110,.664,54,113,167,43,25,39,45,102,281,2020,0,0,0,0,0,0,0,0,0,0,0,0,0,0,1,1737145.0,1.0,1,0,0,0,0,0,0,0,0,0,0,0,0,0,0,0,1,109140000.0,0.015916666666666666
Kelan Martin,24,MIN,31,4,495,71,181,.392,25,96,.260,46,85,.541,.461,30,31,.968,12,84,96,23,7,9,20,51,197,2020,0,0,0,0,0,0,0,0,0,0,0,0,0,0,1,3147290.0,2.0,0,0,0,0,0,0,0,1,0,0,0,0,0,0,0,0,1,109140000.0,0.014418590800806303
Wesley Matthews,33,MIL,67,67,1635,167,422,.396,108,297,.364,59,125,.472,.524,52,68,.765,22,144,166,92,38,9,43,103,494,2020,0,0,0,0,0,0,0,0,0,0,0,0,0,0,1,3623000.0,1.0,0,0,0,0,0,0,0,0,0,0,0,1,0,0,0,0,1,109140000.0,0.03319589518050211
De'Anthony Melton,21,MEM,60,8,1167,161,401,.401,40,140,.286,121,261,.464,.451,93,121,.769,43,177,220,175,77,20,84,109,455,2020,0,0,0,0,0,0,0,0,0,0,0,0,0,0,1,34627688.0,4.0,0,0,0,0,0,1,0,0,0,0,0,0,0,0,0,1,0,109140000.0,0.07931942459226682
Chimezie Metu,22,SAS,18,0,105,24,42,.571,0,2,.000,24,40,.600,.571,10,13,.769,12,21,33,10,3,6,10,7,58,2020,0,0,0,0,0,0,0,0,0,0,0,0,0,0,1,5294220.0,3.0,1,0,0,0,0,0,0,0,0,0,0,0,0,0,0,0,1,109140000.0,0.016169507055158513
Paul Millsap,34,DEN,51,48,1240,211,438,.482,54,124,.435,157,314,.500,.543,115,141,.816,98,195,293,83,44,30,70,150,591,2020,0,0,0,0,0,0,0,0,0,0,0,0,0,0,1,10000000.0,1.0,0,0,1,0,0,0,0,0,0,0,0,0,0,0,0,0,1,109140000.0,0.0916254352208173
Markieff Morris,30,TOT,58,17,1187,203,458,.443,88,228,.386,115,230,.500,.539,66,85,.776,40,178,218,77,31,17,76,133,560,2020,0,0,0,0,0,0,0,0,0,0,0,0,0,0,1,2331593.0,1.0,0,0,1,0,0,0,0,0,0,0,0,0,0,0,0,0,1,109140000.0,0.02136332233828111
Raul Neto,27,PHI,54,3,668,101,222,.455,34,88,.386,67,134,.500,.532,39,47,.830,11,50,61,95,24,6,47,50,275,2020,0,0,0,0,0,0,0,0,0,0,0,0,0,0,1,1882867.0,1.0,0,0,0,0,0,1,0,0,0,0,0,0,0,0,0,0,1,109140000.0,0.017251850833791462
Nerlens Noel,25,OKC,61,7,1127,184,269,.684,1,3,.333,183,266,.688,.686,80,106,.755,91,209,300,57,59,91,66,166,449,2020,0,0,0,0,0,0,0,0,0,0,0,0,0,0,1,5000000.0,1.0,1,0,0,0,0,0,0,0,0,0,0,0,0,0,0,0,1,109140000.0,0.04581271761040865
Jahlil Okafor,24,NOP,30,9,467,101,162,.623,1,3,.333,100,159,.629,.627,40,62,.645,48,79,127,37,7,22,38,67,243,2020,0,0,0,0,0,0,0,0,0,0,0,0,0,0,1,4012890.0,2.0,1,0,0,0,0,0,0,0,0,0,0,0,0,0,0,0,1,109140000.0,0.018384139637163278
Patrick Patterson,30,LAC,59,18,776,95,233,.408,67,172,.390,28,61,.459,.552,35,43,.814,35,116,151,41,7,3,21,54,292,2020,0,0,0,0,0,0,0,0,0,0,0,0,0,0,1,3077704.0,1.0,0,0,1,0,0,0,0,0,0,0,0,0,0,0,0,0,1,109140000.0,0.02819959684808503
Elfrid Payton,25,NYK,45,36,1246,193,440,.439,14,69,.203,179,371,.482,.455,49,86,.570,52,160,212,323,70,17,96,89,449,2020,0,0,0,0,0,0,0,0,0,0,0,0,0,0,1,4767000.0,1.0,0,0,0,0,0,1,0,0,0,0,0,0,0,0,0,0,1,109140000.0,0.0436778449697636
Mason Plumlee,29,DEN,61,1,1057,177,288,.615,0,5,.000,177,283,.625,.615,83,155,.535,98,219,317,154,33,38,82,143,437,2020,0,0,0,0,0,0,0,0,0,0,0,0,0,0,1,24662500.0,3.0,1,0,0,0,0,0,0,0,0,0,0,0,0,0,0,0,1,109140000.0,0.07532374320444689
Jakob Poeltl,24,SAS,66,18,1171,166,266,.624,0,0,,166,266,.624,.624,40,86,.465,131,244,375,116,37,95,54,126,372,2020,0,0,0,0,0,0,0,0,0,0,0,0,0,0,1,26250000.0,3.0,1,0,0,0,0,0,0,0,0,0,0,0,0,0,0,1,0,109140000.0,0.08017225581821513
Bobby Portis,24,NYK,66,5,1393,265,589,.450,67,187,.358,198,402,.493,.507,71,93,.763,80,258,338,98,32,18,73,110,668,2020,0,0,0,0,0,0,0,0,0,0,0,0,0,0,1,7427150.0,2.0,0,0,1,0,0,0,0,0,0,0,0,0,0,0,0,0,1,109140000.0,0.03402579256001466
Austin Rivers,27,HOU,68,4,1594,211,501,.421,96,270,.356,115,231,.498,.517,78,111,.703,27,148,175,113,49,10,50,129,596,2020,0,0,0,0,0,0,0,0,0,0,0,0,0,0,1,9975000.0,3.0,0,0,0,0,0,0,0,0,0,0,0,1,0,0,0,0,1,109140000.0,0.03046545721092175
Glenn Robinson III,26,TOT,62,52,1786,288,592,.486,77,197,.391,211,395,.534,.552,74,86,.860,81,189,270,96,54,16,55,100,727,2020,0,0,0,0,0,0,0,0,0,0,0,0,0,0,1,2028594.0,1.0,0,0,0,0,0,0,0,1,0,0,0,0,0,0,0,0,1,109140000.0,0.018587080813633864
Rajon Rondo,33,LAL,48,3,984,137,328,.418,41,125,.328,96,203,.473,.480,27,41,.659,23,119,142,240,40,2,91,58,342,2020,0,0,0,0,0,0,0,0,0,0,0,0,0,0,1,15000000.0,2.0,0,0,0,0,0,1,0,0,0,0,0,0,0,0,0,0,1,109140000.0,0.06871907641561298
JaKarr Sampson,26,IND,34,12,471,68,115,.591,2,13,.154,66,102,.647,.600,18,27,.667,20,68,88,21,16,12,15,64,156,2020,0,0,0,0,0,0,0,0,0,0,0,0,0,0,1,1882867.0,1.0,0,0,1,0,0,0,0,0,0,0,0,0,0,0,0,0,1,109140000.0,0.017251850833791462
Dario Saric,25,PHO,66,51,1632,256,538,.476,84,235,.357,172,303,.568,.554,108,128,.844,100,306,406,123,37,16,88,156,704,2020,0,0,0,0,0,0,0,0,0,0,0,0,0,0,1,27000000.0,3.0,0,0,1,0,0,0,0,0,0,0,0,0,0,0,0,1,0,109140000.0,0.08246289169873557
Jeff Teague,31,TOT,59,17,1464,213,489,.436,43,117,.368,170,372,.457,.480,172,197,.873,27,115,142,308,44,19,116,106,641,2020,0,0,0,0,0,0,0,0,0,0,0,0,0,0,1,2564753.0,1.0,0,0,0,0,0,1,0,0,0,0,0,0,0,0,0,0,1,109140000.0,0.023499660985889684
Garrett Temple,33,BRK,62,35,1730,222,587,.378,127,386,.329,95,201,.473,.486,70,87,.805,29,189,218,156,49,29,62,108,641,2020,0,0,0,0,0,0,0,0,0,0,0,0,0,0,1,4767000.0,1.0,0,0,0,0,0,0,0,0,0,0,0,1,0,0,0,0,1,109140000.0,0.0436778449697636
Tristan Thompson,28,CLE,57,51,1721,288,562,.512,9,23,.391,279,539,.518,.520,99,161,.615,226,351,577,120,33,50,103,124,684,2020,0,0,0,0,0,0,0,0,0,0,0,0,0,0,1,18978900.0,2.0,0,0,1,0,0,0,0,0,0,0,0,0,0,0,0,0,1,109140000.0,0.08694749862561847
Sindarius Thornwell,25,NOP,2,0,35,6,11,.545,2,4,.500,4,7,.571,.636,2,4,.500,0,4,4,4,1,1,2,2,16,2020,0,0,0,0,0,0,0,0,0,0,0,0,0,0,1,1678854.0,1.0,0,0,0,0,0,0,0,1,0,0,0,0,0,0,0,0,1,109140000.0,0.015382572842221
Fred VanVleet,25,TOR,54,54,1928,319,773,.413,146,374,.390,173,399,.434,.507,168,198,.848,18,185,203,357,100,17,121,132,952,2020,0,0,0,0,0,0,0,0,0,0,0,0,0,0,1,85000000.0,4.0,0,0,0,0,0,0,0,0,0,0,0,1,0,0,0,0,1,109140000.0,0.19470404984423675
Noah Vonleh,24,TOT,36,1,377,52,92,.565,3,15,.200,49,77,.636,.582,25,32,.781,37,87,124,28,11,6,21,40,132,2020,0,0,0,0,0,0,0,0,0,0,0,0,0,0,1,2028594.0,1.0,1,0,0,0,0,0,0,0,0,0,0,0,0,0,0,0,1,109140000.0,0.018587080813633864
Hassan Whiteside,30,POR,67,61,2008,436,702,.621,4,7,.571,432,695,.622,.624,164,239,.686,258,647,905,78,26,196,120,196,1040,2020,0,0,0,0,0,0,0,0,0,0,0,0,0,0,1,2320044.0,1.0,1,0,0,0,0,0,0,0,0,0,0,0,0,0,0,0,1,109140000.0,0.021257504123144585
Kenrich Williams,25,NOP,39,18,832,51,147,.347,25,97,.258,26,50,.520,.432,9,26,.346,51,135,186,57,27,21,22,88,136,2020,0,0,0,0,0,0,0,0,0,0,0,0,0,0,1,6000000.0,3.0,0,0,1,0,0,0,0,0,0,0,0,0,0,0,0,0,1,109140000.0,0.01832508704416346
Christian Wood,24,DET,62,12,1325,288,508,.567,54,140,.386,234,368,.636,.620,180,242,.744,104,286,390,60,34,54,84,98,810,2020,0,0,0,0,0,0,0,0,0,0,0,0,0,0,1,41000000.0,3.0,0,0,1,0,0,0,0,0,0,0,0,0,0,0,0,0,1,109140000.0,0.12522142813511697
LaMarcus Aldridge,35,TOT,26,23,674,140,296,.473,31,80,.388,109,216,.505,.525,41,47,.872,19,99,118,49,11,29,27,47,352,2021,0,0,0,0,0,1,0,0,0,0,0,0,0,0,1,2641691.0,1.0,1,0,0,0,0,0,0,0,0,0,0,0,0,0,0,0,1,112414000.0,0.023499661963812337
Jarrett Allen,22,TOT,63,45,1864,298,482,.618,6,19,.316,292,463,.631,.624,204,290,.703,196,435,631,106,32,90,100,96,806,2021,0,0,0,0,0,0,0,0,0,0,0,0,0,0,1,100000000.0,5.0,1,0,0,0,0,0,0,0,0,0,0,0,0,0,0,1,0,112414000.0,0.17791378298076752
Thanasis Antetokounmpo,28,MIL,57,3,551,67,137,.489,7,29,.241,60,108,.556,.515,25,49,.510,54,70,124,46,22,10,43,74,166,2021,0,0,0,0,0,0,0,0,0,0,0,0,0,0,1,3607937.0,2.0,0,0,0,0,0,0,0,1,0,0,0,0,0,0,0,0,1,112414000.0,0.016047543010657035
Carmelo Anthony,36,POR,69,3,1690,327,777,.421,133,325,.409,194,452,.429,.506,137,154,.890,32,182,214,104,46,38,61,144,924,2021,0,0,0,0,0,0,0,0,0,0,0,0,0,0,1,2641691.0,1.0,0,0,1,0,0,0,0,0,0,0,0,0,0,0,0,0,1,112414000.0,0.023499661963812337
Ryan Arcidiacono,26,CHI,44,0,450,49,117,.419,25,67,.373,24,50,.480,.526,13,20,.650,5,62,67,56,9,0,10,47,136,2021,0,0,0,0,0,0,0,0,0,0,0,0,0,0,1,1789256.0,1.0,0,0,0,0,0,1,0,0,0,0,0,0,0,0,0,0,1,112414000.0,0.01591666518405181
Trevor Ariza,35,MIA,30,27,841,99,241,.411,50,143,.350,49,98,.500,.515,34,44,.773,27,117,144,55,31,18,21,55,282,2021,0,0,0,0,0,0,0,0,0,0,0,0,0,0,1,2641691.0,1.0,0,0,0,0,0,0,0,1,0,0,0,0,0,0,0,0,1,112414000.0,0.023499661963812337
Dwayne Bacon,25,ORL,72,50,1853,292,726,.402,59,207,.285,233,519,.449,.443,145,176,.824,31,193,224,93,45,5,46,103,788,2021,0,0,0,0,0,0,0,0,0,0,0,0,0,0,1,1789256.0,1.0,0,0,0,0,0,0,0,0,0,0,0,1,0,0,0,0,1,112414000.0,0.01591666518405181
Lonzo Ball,23,NOP,55,55,1747,290,700,.414,172,455,.378,118,245,.482,.537,50,64,.781,33,230,263,316,82,31,123,103,802,2021,0,0,0,0,0,0,0,0,0,0,0,0,0,0,1,80000000.0,4.0,0,0,0,0,0,1,0,0,0,0,0,0,0,0,0,1,0,112414000.0,0.17791378298076752
Will Barton,30,DEN,56,52,1736,259,608,.426,98,257,.381,161,351,.459,.507,95,121,.785,39,187,226,181,50,23,96,95,711,2021,0,0,0,0,0,0,0,0,0,0,0,0,0,0,1,3000000.0,2.0,0,0,0,0,0,0,0,1,0,0,0,0,0,0,0,0,1,112414000.0,0.013343533723557564
Keita Bates-Diop,25,SAS,30,0,245,30,67,.448,5,17,.294,25,50,.500,.485,14,21,.667,9,40,49,12,11,5,7,11,79,2021,0,0,0,0,0,0,0,0,0,0,0,0,0,0,1,3607937.0,2.0,0,0,0,0,0,0,0,1,0,0,0,0,0,0,0,1,0,112414000.0,0.016047543010657035
Nicolas Batum,32,LAC,67,38,1835,191,412,.464,110,272,.404,81,140,.579,.597,48,58,.828,50,266,316,148,69,37,53,102,540,2021,0,0,0,0,0,0,0,0,0,0,0,0,0,0,1,6498559.0,2.0,0,0,0,0,0,0,0,1,0,0,0,0,0,0,0,0,1,112414000.0,0.02890458039034284
Kent Bazemore,31,GSW,67,18,1333,176,392,.449,75,184,.408,101,208,.486,.545,54,78,.692,26,203,229,108,69,33,82,158,481,2021,0,0,0,0,0,0,0,0,0,0,0,0,0,0,1,2401537.0,1.0,0,0,0,0,0,0,0,1,0,0,0,0,0,0,0,0,1,112414000.0,0.021363326631914176
Jordan Bell,26,TOT,6,1,82,7,22,.318,0,2,.000,7,20,.350,.318,1,2,.500,7,17,24,7,3,5,4,7,15,2021,0,0,0,0,0,0,0,0,0,0,0,0,0,0,1,1789256.0,1.0,1,0,0,0,0,0,0,0,0,0,0,0,0,0,0,0,1,112414000.0,0.01591666518405181
DeAndre' Bembry,26,TOR,51,12,972,117,228,.513,14,53,.264,103,175,.589,.544,45,66,.682,33,113,146,107,53,18,71,87,293,2021,0,0,0,0,0,0,0,0,0,0,0,0,0,0,1,1939350.0,1.0,0,0,0,0,0,0,0,1,0,0,0,0,0,0,0,0,1,112414000.0,0.017251854751187574
Khem Birch,28,TOT,67,22,1529,189,380,.497,13,52,.250,176,328,.537,.514,91,129,.705,174,213,387,89,48,50,44,113,482,2021,0,0,0,0,0,0,0,0,0,0,0,0,0,0,1,20002500.0,3.0,1,0,0,0,0,0,0,0,0,0,0,0,0,0,0,0,1,112414000.0,0.059312007401213375
Nemanja Bjelica,32,TOT,37,3,595,89,196,.454,27,85,.318,62,111,.559,.523,37,51,.725,29,98,127,69,15,5,33,68,242,2021,0,0,0,0,0,0,0,0,0,0,0,0,0,0,1,2089448.0,1.0,0,0,1,0,0,0,0,0,0,0,0,0,0,0,0,0,1,112414000.0,0.018587079901079936
Isaac Bonga,21,WAS,40,8,432,30,81,.370,13,47,.277,17,34,.500,.451,5,8,.625,18,48,66,23,11,9,22,63,78,2021,0,0,0,0,0,0,0,0,0,0,0,0,0,0,1,1729217.0,1.0,0,0,0,0,0,0,0,1,0,0,0,0,0,0,0,0,1,112414000.0,0.015382576903232694
Avery Bradley,30,TOT,27,6,602,64,171,.374,33,101,.327,31,70,.443,.471,12,15,.800,8,49,57,46,21,3,28,55,173,2021,0,0,0,0,0,0,0,0,0,0,0,0,0,0,1,2641691.0,1.0,0,0,0,0,0,0,0,0,0,0,0,1,0,0,0,0,1,112414000.0,0.023499661963812337
Tony Bradley,23,TOT,42,8,684,131,197,.665,0,3,.000,131,194,.675,.665,38,55,.691,85,154,239,37,15,30,33,61,300,2021,0,0,0,0,0,0,0,0,0,0,0,0,0,0,1,3825574.0,2.0,1,0,0,0,0,0,0,0,0,0,0,0,0,0,0,0,1,112414000.0,0.017015558560321668
Jarrell Brantley,24,UTA,28,0,138,25,52,.481,12,28,.429,13,24,.542,.596,2,2,1.000,9,18,27,15,7,2,8,17,64,2021,0,0,0,0,0,0,0,0,0,0,0,0,0,0,1,1669178.0,1.0,0,0,1,0,0,0,0,0,0,0,0,0,0,0,0,1,0,112414000.0,0.014848488622413579
Armoni Brooks,22,HOU,20,5,520,78,192,.406,60,157,.382,18,35,.514,.563,7,12,.583,10,58,68,30,12,5,22,34,223,2021,0,0,0,0,0,0,0,0,0,0,0,0,0,0,1,1489065.0,1.0,0,0,0,0,0,0,0,0,0,0,0,1,0,0,0,1,0,112414000.0,0.01324625936271283
Sterling Brown,25,HOU,51,14,1229,150,335,.448,91,215,.423,59,120,.492,.584,25,31,.806,38,186,224,72,38,12,41,97,416,2021,0,0,0,0,0,0,0,0,0,0,0,0,0,0,1,6000000.0,2.0,0,0,0,0,0,0,0,0,0,0,0,1,0,0,0,0,1,112414000.0,0.026687067447115128
Reggie Bullock,29,NYK,65,64,1949,248,561,.442,163,398,.410,85,163,.521,.587,50,55,.909,16,207,223,99,52,11,45,146,709,2021,0,0,0,0,0,0,0,0,0,0,0,0,0,0,1,30038400.0,3.0,0,0,0,0,0,0,0,1,0,0,0,0,0,0,0,0,1,112414000.0,0.08907075631149144
Alec Burks,29,NYK,49,5,1255,210,500,.420,102,246,.415,108,254,.425,.522,101,118,.856,21,206,227,107,31,14,49,102,623,2021,0,0,0,0,0,0,0,0,0,0,0,0,0,0,1,30038400.0,3.0,0,0,0,0,0,0,0,0,0,0,0,1,0,0,0,0,1,112414000.0,0.08907075631149144
Alex Caruso,26,LAL,58,6,1216,133,305,.436,55,137,.401,78,168,.464,.526,49,76,.645,31,139,170,160,64,15,76,108,370,2021,0,0,0,0,0,0,0,0,0,0,0,0,0,0,1,37000000.0,4.0,0,0,0,0,0,1,0,0,0,0,0,0,0,0,0,0,1,112414000.0,0.08228512462860497
John Collins,23,ATL,63,63,1848,429,771,.556,83,208,.399,346,563,.615,.610,170,204,.833,118,349,467,78,34,63,84,193,1111,2021,0,0,0,0,0,0,0,0,0,0,0,0,0,0,1,125000000.0,5.0,0,0,1,0,0,0,0,0,0,0,0,0,0,0,0,1,0,112414000.0,0.2223922287259594
Mike Conley,33,UTA,51,51,1498,284,640,.444,138,335,.412,146,305,.479,.552,121,142,.852,36,141,177,305,70,9,99,98,827,2021,0,0,0,0,0,0,0,0,0,0,0,0,0,0,1,68040000.0,3.0,0,0,0,0,0,1,0,0,0,0,0,0,0,0,0,0,1,112414000.0,0.20175422990019037
Tyler Cook,23,TOT,32,1,438,69,103,.670,1,2,.500,68,101,.673,.675,17,35,.486,28,67,95,17,8,2,21,35,156,2021,0,0,0,0,0,0,0,0,0,0,0,0,0,0,1,1669178.0,1.0,0,0,0,0,0,0,0,0,0,1,0,0,0,0,0,0,1,112414000.0,0.014848488622413579
Torrey Craig,30,TOT,50,8,803,109,227,.480,39,106,.368,70,121,.579,.566,17,22,.773,57,140,197,49,28,26,25,83,274,2021,0,0,0,0,0,0,0,0,0,0,0,0,0,0,1,10000000.0,2.0,0,0,0,0,0,0,0,1,0,0,0,0,0,0,0,0,1,112414000.0,0.04447844574519188
Terence Davis,23,TOT,61,4,1074,195,456,.428,98,267,.367,97,189,.513,.535,45,55,.818,20,134,154,83,44,14,63,97,533,2021,0,0,0,0,0,0,0,0,0,0,0,0,0,0,1,8000000.0,2.0,0,0,0,0,0,0,0,0,0,0,0,1,0,0,0,1,0,112414000.0,0.0355827565961535
Dewayne Dedmon,31,MIA,16,0,210,46,65,.708,1,5,.200,45,60,.750,.715,20,27,.741,28,58,86,12,9,6,13,36,113,2021,0,0,0,0,0,0,0,0,0,0,0,0,0,0,1,2389641.0,1.0,1,0,0,0,0,0,0,0,0,0,0,0,0,0,0,0,1,112414000.0,0.021257503513797214
DeMar DeRozan,31,SAS,61,61,2056,455,920,.495,19,74,.257,436,846,.515,.505,387,440,.880,40,219,259,422,56,15,119,128,1316,2021,0,0,0,0,0,1,0,0,0,0,0,0,0,0,1,85000000.0,3.0,0,0,1,0,0,0,0,0,0,0,0,0,0,0,0,0,1,112414000.0,0.25204452588942067
Hamidou Diallo,22,TOT,52,9,1226,224,470,.477,28,82,.341,196,388,.505,.506,128,200,.640,59,213,272,101,41,24,76,134,604,2021,0,0,0,0,0,0,0,0,0,0,0,0,0,0,1,10400000.0,2.0,0,0,0,0,0,0,0,0,0,0,0,0,0,0,1,1,0,112414000.0,0.04625758357499955
Gorgui Dieng,31,TOT,38,1,552,85,163,.521,30,70,.429,55,93,.591,.613,58,67,.866,40,100,140,48,26,16,32,56,258,2021,0,0,0,0,0,0,0,0,0,0,0,0,0,0,1,4000000.0,1.0,1,0,0,0,0,0,0,0,0,0,0,0,0,0,0,0,1,112414000.0,0.0355827565961535
Spencer Dinwiddie,27,BRK,3,3,64,6,16,.375,2,7,.286,4,9,.444,.438,6,6,1.000,0,13,13,9,2,1,5,4,20,2021,0,0,0,0,0,0,0,0,0,0,0,0,0,0,1,54000000.0,3.0,0,0,0,0,0,0,0,0,0,0,0,1,0,0,0,0,1,112414000.0,0.16012240468269076
Andre Drummond,27,TOT,46,46,1242,282,572,.493,0,8,.000,282,564,.500,.493,123,205,.600,166,385,551,94,63,49,124,149,687,2021,0,0,0,0,0,0,0,0,0,0,0,0,0,0,1,2401537.0,1.0,1,0,0,0,0,0,0,0,0,0,0,0,0,0,0,0,1,112414000.0,0.021363326631914176
Wayne Ellington,33,DET,46,31,1012,149,338,.441,116,275,.422,33,63,.524,.612,28,35,.800,12,73,85,67,18,9,33,59,442,2021,0,0,0,0,0,0,0,0,0,0,0,0,0,0,1,2641691.0,1.0,0,0,0,0,0,0,0,0,0,0,0,1,0,0,0,0,1,112414000.0,0.023499661963812337
Dante Exum,25,CLE,6,3,116,10,26,.385,2,11,.182,8,15,.533,.423,1,2,.500,2,15,17,13,4,2,7,9,23,2021,0,0,0,0,0,0,0,0,0,0,0,0,0,0,1,8100000.0,3.0,0,0,0,0,0,0,0,0,0,0,0,1,0,0,0,0,1,112414000.0,0.024018360702403617
Tacko Fall,25,BOS,19,0,136,21,29,.724,0,0,,21,29,.724,.724,5,15,.333,16,36,52,3,1,20,6,22,47,2021,0,0,0,0,0,0,0,0,0,0,0,0,0,0,1,1669178.0,1.0,1,0,0,0,0,0,0,0,0,0,0,0,0,0,0,0,1,112414000.0,0.014848488622413579
Bryn Forbes,27,MIL,70,10,1354,250,529,.473,154,341,.452,96,188,.511,.618,47,61,.770,11,101,112,45,24,1,44,77,701,2021,0,0,0,0,0,0,0,0,0,0,0,0,0,0,1,4500000.0,1.0,0,0,0,0,0,0,0,0,0,0,0,1,0,0,0,0,1,112414000.0,0.04003060117067269
Evan Fournier,28,TOT,42,36,1259,247,541,.457,117,283,.413,130,258,.504,.565,108,137,.788,10,118,128,144,47,19,73,96,719,2021,0,0,0,0,0,0,0,0,0,0,0,0,0,0,1,73000000.0,4.0,0,0,0,0,0,0,0,0,0,0,1,0,0,0,0,0,1,112414000.0,0.16234632696995036
Enes Freedom,28,POR,72,35,1758,339,561,.604,1,4,.250,338,557,.607,.605,127,164,.774,284,511,795,84,33,48,78,168,806,2021,0,0,0,0,0,0,0,0,0,0,0,0,0,0,1,2641691.0,1.0,1,0,0,0,0,0,0,0,0,0,0,0,0,0,0,0,1,112414000.0,0.023499661963812337
Langston Galloway,29,PHO,40,0,438,66,147,.449,36,85,.424,30,62,.484,.571,22,23,.957,7,35,42,26,8,0,13,25,190,2021,0,0,0,0,0,0,0,0,0,0,0,0,0,0,1,2239544.0,1.0,0,0,0,0,0,0,0,0,0,0,0,1,0,0,0,0,1,112414000.0,0.019922287259594
Rudy Gay,34,SAS,63,1,1358,264,628,.420,106,278,.381,158,350,.451,.505,82,102,.804,42,261,303,88,45,40,65,115,716,2021,0,0,0,0,0,0,0,0,0,0,0,0,0,0,1,18553500.0,3.0,0,0,1,0,0,0,0,0,0,0,0,0,0,0,0,0,1,112414000.0,0.05501538954222784
Taj Gibson,35,NYK,45,3,936,99,158,.627,3,15,.200,96,143,.671,.636,40,55,.727,99,151,250,36,31,49,22,99,241,2021,0,0,0,0,0,0,0,0,0,0,0,0,0,0,1,10065500.0,2.0,1,0,0,0,0,0,0,0,0,0,0,0,0,0,0,0,1,112414000.0,0.044769779564822886
Harry Giles,22,POR,38,0,348,42,97,.433,8,23,.348,34,74,.459,.474,16,27,.593,31,102,133,29,8,13,20,54,108,2021,0,0,0,0,0,0,0,0,0,0,0,0,0,0,1,1789256.0,1.0,1,0,0,0,0,0,0,0,0,0,0,0,0,0,0,0,1,112414000.0,0.01591666518405181
Devonte' Graham,25,CHO,55,44,1659,252,669,.377,179,477,.375,73,192,.380,.510,133,158,.842,22,126,148,295,48,6,84,77,816,2021,0,0,0,0,0,0,0,0,0,0,0,0,0,0,1,47300000.0,4.0,0,0,0,0,0,1,0,0,0,0,0,0,0,0,0,1,0,112414000.0,0.1051915241873788
Danny Green,33,PHI,69,69,1934,224,544,.412,175,432,.405,49,112,.438,.573,31,40,.775,55,205,260,118,92,56,67,125,654,2021,0,0,0,0,0,0,0,0,0,0,0,0,0,0,1,20000000.0,2.0,0,0,0,0,0,0,0,1,0,0,0,0,0,0,0,0,1,112414000.0,0.08895689149038376
JaMychal Green,30,DEN,58,5,1120,173,374,.463,79,198,.399,94,176,.534,.568,46,57,.807,85,192,277,53,26,22,53,144,471,2021,0,0,0,0,0,0,0,0,0,0,0,0,0,0,1,16400000.0,2.0,0,0,1,0,0,0,0,0,0,0,0,0,0,0,0,0,1,112414000.0,0.07294465102211468
Javonte Green,27,TOT,41,2,473,53,102,.520,10,30,.333,43,72,.597,.569,30,40,.750,26,45,71,17,28,6,19,45,146,2021,0,0,0,0,0,0,0,0,0,0,0,0,0,0,1,3484855.0,2.0,0,0,0,0,0,0,0,0,0,0,1,0,0,0,0,1,0,112414000.0,0.015500093404736065
Jeff Green,34,BRK,68,38,1835,261,530,.492,103,250,.412,158,280,.564,.590,125,161,.776,34,229,263,108,36,27,54,122,750,2021,0,0,0,0,0,0,0,0,0,0,0,0,0,0,1,9000000.0,2.0,1,0,0,0,0,0,0,0,0,0,0,0,0,0,0,0,1,112414000.0,0.04003060117067269
Blake Griffin,31,TOT,46,30,1186,174,411,.423,70,205,.341,104,206,.505,.509,87,117,.744,35,190,225,140,32,15,62,111,505,2021,0,0,0,0,0,0,0,1,0,0,0,0,0,0,1,2641691.0,1.0,0,0,1,0,0,0,0,0,0,0,0,0,0,0,0,0,1,112414000.0,0.023499661963812337
Kyle Guy,23,SAC,31,0,235,29,88,.330,13,46,.283,16,42,.381,.403,16,20,.800,5,30,35,32,6,0,11,20,87,2021,0,0,0,0,0,0,0,0,0,0,0,0,0,0,1,1669178.0,1.0,0,0,0,0,0,1,0,0,0,0,0,0,0,0,0,0,1,112414000.0,0.014848488622413579
Tim Hardaway Jr,28,DAL,70,31,1985,407,911,.447,207,529,.391,200,382,.524,.560,142,174,.816,20,209,229,126,31,11,64,111,1163,2021,0,0,0,0,0,0,0,0,0,0,0,0,0,0,1,75000000.0,4.0,0,0,0,0,0,0,0,0,0,0,0,1,0,0,0,0,1,112414000.0,0.16679417154446954
Maurice Harkless,27,TOT,37,23,772,69,165,.418,23,84,.274,46,81,.568,.488,33,43,.767,13,76,89,44,30,20,22,86,194,2021,0,0,0,0,0,0,0,0,0,0,0,0,0,0,1,9000000.0,2.0,0,0,0,0,1,0,0,0,0,0,0,0,0,0,0,0,1,112414000.0,0.04003060117067269
Jared Harper,23,NYK,8,0,16,0,4,.000,0,1,.000,0,3,.000,.000,3,4,.750,0,2,2,1,0,0,3,1,3,2021,0,0,0,0,0,0,0,0,0,0,0,0,0,0,1,1669178.0,1.0,0,0,0,0,0,1,0,0,0,0,0,0,0,0,0,0,1,112414000.0,0.014848488622413579
Shaquille Harrison,27,TOT,34,0,333,26,78,.333,3,16,.188,23,62,.371,.353,18,22,.818,7,41,48,25,17,5,11,33,73,2021,0,0,0,0,0,0,0,0,0,0,0,0,0,0,1,1789256.0,1.0,0,0,0,0,0,0,0,0,0,0,0,1,0,0,0,0,1,112414000.0,0.01591666518405181
Josh Hart,25,NOP,47,4,1349,151,344,.439,63,193,.326,88,151,.583,.531,69,89,.775,53,324,377,109,38,12,49,111,434,2021,0,0,0,0,0,0,0,0,0,0,0,0,0,0,1,37920000.0,3.0,0,0,0,0,0,0,0,1,0,0,0,0,0,0,0,1,0,112414000.0,0.11244151084384507
Udonis Haslem,40,MIA,1,0,3,2,2,1.000,0,0,,2,2,1.000,1.000,0,0,,0,1,1,0,0,0,0,0,4,2021,0,0,0,0,0,0,0,0,0,0,0,0,0,0,1,2641691.0,1.0,1,0,0,0,0,0,0,0,0,0,0,0,0,0,0,0,1,112414000.0,0.023499661963812337
Willy Hernangomez,26,NOP,47,12,846,151,268,.563,1,10,.100,150,258,.581,.565,62,93,.667,117,217,334,50,22,23,34,68,365,2021,0,0,0,0,0,0,0,0,0,0,0,0,0,0,1,7330743.0,3.0,1,0,0,0,0,0,0,0,0,0,0,0,0,0,0,0,1,112414000.0,0.021737336986496342
George Hill,34,TOT,30,17,672,95,197,.482,31,80,.388,64,117,.547,.561,40,50,.800,16,45,61,73,23,5,31,31,261,2021,0,0,0,0,0,0,0,0,0,0,0,0,0,0,1,8000000.0,2.0,0,0,0,0,0,1,0,0,0,0,0,0,0,0,0,0,1,112414000.0,0.0355827565961535
Solomon Hill,29,ATL,71,16,1513,107,298,.359,68,212,.321,39,86,.453,.473,35,46,.761,42,172,214,75,50,11,42,116,317,2021,0,0,0,0,0,0,0,0,0,0,0,0,0,0,1,2389641.0,1.0,0,0,1,0,0,0,0,0,0,0,0,0,0,0,0,0,1,112414000.0,0.021257503513797214
Nate Hinton,21,DAL,21,0,93,15,42,.357,4,19,.211,11,23,.478,.405,7,10,.700,1,8,9,8,7,2,5,8,41,2021,0,0,0,0,0,0,0,0,0,0,0,0,0,0,1,1489065.0,1.0,0,0,0,0,0,0,0,0,0,0,0,1,0,0,0,1,0,112414000.0,0.01324625936271283
Richaun Holmes,27,SAC,61,61,1782,366,575,.637,2,11,.182,364,564,.645,.638,135,170,.794,144,360,504,101,39,96,75,213,869,2021,0,0,0,0,0,0,0,0,0,0,0,0,0,0,1,46522560.0,4.0,1,0,0,0,0,0,0,0,0,0,0,0,0,0,0,0,1,112414000.0,0.1034625580443717
Rodney Hood,28,TOT,55,5,942,94,260,.362,34,113,.301,60,147,.408,.427,24,28,.857,23,80,103,53,24,7,36,74,246,2021,0,0,0,0,0,0,0,0,0,0,0,0,0,0,1,2239544.0,1.0,0,0,0,0,0,0,0,1,0,0,0,0,0,0,0,0,1,112414000.0,0.019922287259594
Talen Horton-Tucker,20,LAL,65,4,1304,224,489,.458,37,131,.282,187,358,.522,.496,100,129,.775,25,144,169,181,63,21,105,127,585,2021,0,0,0,0,0,0,0,0,0,0,0,0,0,0,1,30780000.0,3.0,0,0,0,0,0,0,0,0,0,0,0,1,0,0,0,1,0,112414000.0,0.09126977066913373
Dwight Howard,35,PHI,69,6,1196,178,303,.587,5,20,.250,173,283,.611,.596,121,210,.576,190,390,580,61,30,62,112,200,482,2021,0,0,0,0,0,0,0,0,0,0,0,0,0,0,1,2641691.0,1.0,1,0,0,0,0,0,0,0,0,0,0,0,0,0,0,0,1,112414000.0,0.023499661963812337
Frank Jackson,22,DET,40,6,738,134,293,.457,61,150,.407,73,143,.510,.561,61,75,.813,15,71,86,36,15,1,34,53,390,2021,0,0,0,0,0,0,0,0,0,0,0,0,0,0,1,6150000.0,2.0,0,0,0,0,0,1,0,0,0,0,0,0,0,0,0,1,0,112414000.0,0.027354244133293005
Reggie Jackson,30,LAC,67,43,1544,263,585,.450,122,282,.433,141,303,.465,.554,67,82,.817,24,168,192,205,41,7,74,127,715,2021,0,0,0,0,0,0,0,0,0,0,0,0,0,0,1,21599760.0,2.0,0,0,0,0,0,0,0,0,0,0,0,1,0,0,0,0,1,112414000.0,0.09607237532691658
DaQuan Jeffries,23,TOT,31,5,493,50,120,.417,20,67,.299,30,53,.566,.500,7,8,.875,19,52,71,22,15,10,14,48,127,2021,0,0,0,0,0,0,0,0,0,0,0,0,0,0,1,1669178.0,1.0,0,0,0,0,0,0,0,0,0,0,0,1,0,0,0,0,1,112414000.0,0.014848488622413579
Alize Johnson,24,BRK,18,0,189,40,68,.588,1,6,.167,39,62,.629,.596,13,13,1.000,27,63,90,14,5,5,9,16,94,2021,0,0,0,0,0,0,0,0,0,0,0,0,0,0,1,3607937.0,2.0,0,0,1,0,0,0,0,0,0,0,0,0,0,0,0,0,1,112414000.0,0.016047543010657035
James Johnson,33,TOT,51,12,1043,146,327,.446,31,120,.258,115,207,.556,.494,45,76,.592,32,145,177,98,42,42,55,120,368,2021,0,0,0,0,0,0,0,0,0,0,0,0,0,0,1,2641691.0,1.0,0,0,1,0,0,0,0,0,0,0,0,0,0,0,0,0,1,112414000.0,0.023499661963812337
Stanley Johnson,24,TOR,61,13,1006,89,233,.382,45,137,.328,44,96,.458,.479,44,55,.800,29,124,153,89,52,18,54,116,267,2021,0,0,0,0,0,0,0,0,0,0,0,0,0,0,1,2089448.0,1.0,0,0,1,0,0,0,0,0,0,0,0,0,0,0,0,0,1,112414000.0,0.018587079901079936
DeAndre Jordan,32,BRK,57,43,1246,190,249,.763,0,1,.000,190,248,.766,.763,46,92,.500,117,310,427,93,17,65,85,116,426,2021,0,0,0,0,0,0,0,0,0,0,0,0,0,0,1,2641691.0,1.0,1,0,0,0,0,0,0,0,0,0,0,0,0,0,0,0,1,112414000.0,0.023499661963812337
Cory Joseph,29,TOT,63,13,1446,200,426,.469,45,132,.341,155,294,.527,.522,72,88,.818,35,124,159,213,61,18,79,139,517,2021,0,0,0,0,0,0,0,0,0,0,0,0,0,0,1,10065000.0,2.0,0,0,0,0,0,1,0,0,0,0,0,0,0,0,0,0,1,112414000.0,0.04476755564253563
Frank Kaminsky,27,PHO,47,13,715,121,257,.471,31,85,.365,90,172,.523,.531,37,60,.617,36,152,188,79,14,17,22,70,310,2021,0,0,0,0,0,0,0,0,0,0,0,0,0,0,1,2089448.0,1.0,1,0,0,0,0,0,0,0,0,0,0,0,0,0,0,0,1,112414000.0,0.018587079901079936
Luke Kornet,25,TOT,31,2,348,44,101,.436,15,59,.254,29,42,.690,.510,3,6,.500,14,53,67,24,4,32,7,20,106,2021,0,0,0,0,0,0,0,0,0,0,0,0,0,0,1,1789256.0,1.0,0,1,0,0,0,0,0,0,0,0,0,0,0,0,0,0,1,112414000.0,0.01591666518405181
Saben Lee,21,DET,48,7,781,99,210,.471,8,23,.348,91,187,.487,.490,61,89,.685,20,77,97,174,32,13,55,76,267,2021,0,0,0,0,0,0,0,0,0,0,0,0,0,0,1,5143840.0,3.0,0,0,0,0,0,1,0,0,0,0,0,0,0,0,0,1,0,112414000.0,0.015252667224129853
Alex Len,27,TOT,64,42,979,171,278,.615,8,25,.320,163,253,.644,.629,73,116,.629,78,182,260,49,20,64,55,127,423,2021,0,0,0,0,0,0,0,0,0,0,0,0,0,0,1,7650600.0,2.0,1,0,0,0,0,0,0,0,0,0,0,0,0,0,0,0,1,112414000.0,0.0340286797018165
Kawhi Leonard,29,LAC,52,52,1773,465,908,.512,101,254,.398,364,654,.557,.568,261,295,.885,55,282,337,269,81,21,105,82,1292,2021,0,0,0,0,1,2,0,0,0,0,0,0,0,0,1,176265152.0,4.0,0,0,0,0,0,0,0,1,0,0,0,0,0,0,0,0,1,112414000.0,0.35
Robin Lopez,32,WAS,71,9,1354,269,425,.633,5,18,.278,264,407,.649,.639,99,137,.723,141,131,272,55,15,44,75,109,642,2021,0,0,0,0,0,0,0,0,0,0,0,0,0,0,1,5000000.0,1.0,1,0,0,0,0,0,0,0,0,0,0,0,0,0,0,0,1,112414000.0,0.04447844574519188
Didi Louzada,21,NOP,3,0,56,3,13,.231,2,8,.250,1,5,.200,.308,0,0,,1,2,3,3,2,0,3,5,8,2021,0,0,0,0,0,0,0,0,0,0,0,0,0,0,1,7686312.0,4.0,0,0,0,0,0,0,0,1,0,0,0,0,0,0,0,1,0,112414000.0,0.017093760563630864
Kyle Lowry,34,TOR,46,46,1601,260,596,.436,131,331,.396,129,265,.487,.546,140,160,.875,35,212,247,338,45,14,126,143,791,2021,0,0,0,0,0,0,0,0,0,0,0,0,0,0,1,85000002.0,3.0,0,0,0,0,0,1,0,0,0,0,0,0,0,0,0,0,1,112414000.0,0.25204453181988007
Timothe Luwawu-Cabarrot,25,BRK,58,7,1050,130,356,.365,75,239,.314,55,117,.470,.471,35,43,.814,28,101,129,69,33,6,43,99,370,2021,0,0,0,0,0,0,0,0,0,0,0,0,0,0,1,1939350.0,1.0,0,0,0,0,0,0,0,1,0,0,0,0,0,0,0,0,1,112414000.0,0.017251854751187574
Trey Lyles,25,SAS,23,9,358,43,90,.478,14,40,.350,29,50,.580,.556,15,23,.652,9,77,86,14,6,1,6,13,115,2021,0,0,0,0,0,0,0,0,0,0,0,0,0,0,1,5125000.0,2.0,0,0,1,0,0,0,0,0,0,0,0,0,0,0,0,0,1,112414000.0,0.022795203444410838
Boban Marjanovic,32,DAL,33,3,271,62,122,.508,1,8,.125,61,114,.535,.512,31,38,.816,47,81,128,10,2,6,12,29,156,2021,0,0,0,0,0,0,0,0,0,0,0,0,0,0,1,7000000.0,2.0,1,0,0,0,0,0,0,0,0,0,0,0,0,0,0,0,1,112414000.0,0.031134912021634317
Lauri Markkanen,23,CHI,51,26,1317,250,521,.480,119,296,.402,131,225,.582,.594,76,92,.826,35,233,268,45,26,15,52,75,695,2021,0,0,0,0,0,0,0,0,0,0,0,0,0,0,1,67470906.0,4.0,0,0,1,0,0,0,0,0,0,0,0,0,0,0,0,1,0,112414000.0,0.15005005159499707
Garrison Mathews,24,WAS,64,24,1038,97,237,.409,76,198,.384,21,39,.538,.570,84,95,.884,16,71,87,26,29,7,10,106,354,2021,0,0,0,0,0,0,0,0,0,0,0,0,0,0,1,1669178.0,1.0,0,0,0,0,0,0,0,0,0,0,0,1,0,0,0,0,1,112414000.0,0.014848488622413579
TJ McConnell,28,IND,69,3,1796,274,490,.559,15,48,.313,259,442,.586,.574,33,48,.688,55,201,256,456,128,23,135,113,596,2021,0,0,0,0,0,0,0,0,0,0,0,0,0,0,1,33600000.0,4.0,0,0,0,0,0,1,0,0,0,0,0,0,0,0,0,0,1,112414000.0,0.07472378885192237
Doug McDermott,29,IND,66,29,1619,354,665,.532,111,286,.388,243,379,.641,.616,80,98,.816,60,161,221,85,20,6,53,117,899,2021,0,0,0,0,0,0,0,0,0,0,0,0,0,0,1,42000000.0,3.0,0,0,1,0,0,0,0,0,0,0,0,0,0,0,0,0,1,112414000.0,0.12453964808653727
JaVale McGee,33,TOT,46,2,678,144,282,.511,5,24,.208,139,258,.539,.520,44,67,.657,77,162,239,39,19,54,60,121,337,2021,0,0,0,0,0,0,0,0,0,0,0,0,0,0,1,5000000.0,1.0,1,0,0,0,0,0,0,0,0,0,0,0,0,0,0,0,1,112414000.0,0.04447844574519188
Jordan McLaughlin,24,MIN,51,2,938,100,242,.413,33,92,.359,67,150,.447,.481,23,30,.767,21,87,108,193,51,6,51,44,256,2021,0,0,0,0,0,0,0,0,0,0,0,0,0,0,1,6480000.0,3.0,0,0,0,0,0,1,0,0,0,0,0,0,0,0,0,1,0,112414000.0,0.01921468856192289
Ben McLemore,27,TOT,53,5,905,135,365,.370,97,280,.346,38,85,.447,.503,39,53,.736,15,85,100,39,23,9,42,88,406,2021,0,0,0,0,0,0,0,0,0,0,0,0,0,0,1,2389641.0,1.0,0,0,0,0,0,0,0,0,0,0,0,1,0,0,0,0,1,112414000.0,0.021257503513797214
Patty Mills,32,SAS,68,1,1685,252,611,.412,161,429,.375,91,182,.500,.544,71,78,.910,18,98,116,162,42,3,66,81,736,2021,0,0,0,0,0,0,0,0,0,0,0,0,0,0,1,12074500.0,2.0,0,0,0,0,0,1,0,0,0,0,0,0,0,0,0,0,1,112414000.0,0.053705499315031935
Paul Millsap,35,DEN,56,36,1162,191,401,.476,49,143,.343,142,258,.550,.537,71,98,.724,76,186,262,98,51,36,51,111,502,2021,0,0,0,0,0,0,0,0,0,0,0,0,0,0,1,2641691.0,1.0,0,0,1,0,0,0,0,0,0,0,0,0,0,0,0,0,1,112414000.0,0.023499661963812337
Malik Monk,22,CHO,42,0,878,173,399,.434,85,212,.401,88,187,.471,.540,59,72,.819,14,87,101,87,19,4,55,47,490,2021,0,0,0,0,0,0,0,0,0,0,0,0,0,0,1,1789256.0,1.0,0,0,0,0,0,0,0,0,0,0,0,1,0,0,0,0,1,112414000.0,0.01591666518405181
E'Twaun Moore,31,PHO,27,1,389,55,121,.455,11,35,.314,44,86,.512,.500,12,14,.857,14,31,45,40,15,5,23,32,133,2021,0,0,0,0,0,0,0,0,0,0,0,0,0,0,1,2641691.0,1.0,0,0,0,0,0,0,0,0,0,0,0,1,0,0,0,0,1,112414000.0,0.023499661963812337
Juwan Morgan,23,UTA,29,0,147,14,30,.467,4,13,.308,10,17,.588,.533,3,7,.429,9,19,28,9,4,1,4,21,35,2021,0,0,0,0,0,0,0,0,0,0,0,0,0,0,1,1669178.0,1.0,0,0,1,0,0,0,0,0,0,0,0,0,0,0,0,0,1,112414000.0,0.014848488622413579
Markieff Morris,31,LAL,61,27,1200,153,378,.405,65,209,.311,88,169,.521,.491,36,50,.720,48,218,266,73,22,19,54,105,407,2021,0,0,0,0,0,0,0,0,0,0,0,0,0,0,1,2641691.0,1.0,0,0,1,0,0,0,0,0,0,0,0,0,0,0,0,0,1,112414000.0,0.023499661963812337
Mike Muscala,29,OKC,35,0,645,119,267,.446,68,184,.370,51,83,.614,.573,33,36,.917,19,113,132,28,8,11,21,54,339,2021,0,0,0,0,0,0,0,0,0,0,0,0,0,0,1,7000000.0,2.0,1,0,0,0,0,0,0,0,0,0,0,0,0,0,0,0,1,112414000.0,0.031134912021634317
Svi Mykhailiuk,23,TOT,66,14,1324,208,506,.411,105,314,.334,103,192,.536,.515,38,50,.760,24,139,163,110,51,12,88,63,559,2021,0,0,0,0,0,0,0,0,0,0,0,0,0,0,1,3607937.0,2.0,0,0,0,0,0,0,0,0,0,0,1,0,0,0,0,0,1,112414000.0,0.016047543010657035
Abdel Nader,27,PHO,24,0,355,57,116,.491,18,43,.419,39,73,.534,.569,28,37,.757,7,55,62,19,10,9,19,34,160,2021,0,0,0,0,0,0,0,0,0,0,0,0,0,0,1,4160000.0,2.0,0,0,0,0,0,0,0,1,0,0,0,0,0,0,0,0,1,112414000.0,0.018503033429999823
Raul Neto,28,WAS,64,22,1403,209,447,.468,64,164,.390,145,283,.512,.539,75,85,.882,28,128,156,146,73,6,53,109,557,2021,0,0,0,0,0,0,0,0,0,0,0,0,0,0,1,2089448.0,1.0,0,0,0,0,0,1,0,0,0,0,0,0,0,0,0,0,1,112414000.0,0.018587079901079936
Georges Niang,27,UTA,72,10,1154,177,405,.437,124,292,.425,53,113,.469,.590,22,23,.957,28,148,176,59,25,8,51,116,500,2021,0,0,0,0,0,0,0,0,0,0,0,0,0,0,1,6765000.0,2.0,0,0,1,0,0,0,0,0,0,0,0,0,0,0,0,0,1,112414000.0,0.030089668546622306
Nerlens Noel,26,NYK,64,41,1547,137,223,.614,0,3,.000,137,220,.623,.614,50,70,.714,142,266,408,46,70,141,65,176,324,2021,0,0,0,0,0,0,0,0,0,0,0,0,0,0,1,27720000.0,3.0,1,0,0,0,0,0,0,0,0,0,0,0,0,0,0,0,1,112414000.0,0.08219616773711459
Frank Ntilikina,22,NYK,33,4,322,29,79,.367,23,48,.479,6,31,.194,.513,8,18,.444,6,25,31,19,18,4,11,45,89,2021,0,0,0,0,0,0,0,0,0,0,0,0,0,0,1,3825574.0,2.0,0,0,0,0,0,1,0,0,0,0,0,0,0,0,0,0,1,112414000.0,0.017015558560321668
Kendrick Nunn,25,MIA,56,44,1650,319,658,.485,122,320,.381,197,338,.583,.578,56,60,.933,21,158,179,148,52,14,80,108,816,2021,0,0,0,0,0,0,0,0,0,0,0,0,0,0,1,10250000.0,2.0,0,0,0,0,0,1,0,0,0,0,0,0,0,0,0,0,1,112414000.0,0.045590406888821676
David Nwaba,28,HOU,30,9,679,106,218,.486,17,63,.270,89,155,.574,.525,47,68,.691,40,78,118,31,30,21,17,60,276,2021,0,0,0,0,0,0,0,0,0,0,0,0,0,0,1,15000000.0,3.0,0,0,0,0,0,0,0,1,0,0,0,0,0,0,0,0,1,112414000.0,0.04447844574519188
Semi Ojeleye,26,BOS,56,15,950,89,221,.403,58,158,.367,31,63,.492,.534,24,32,.750,31,116,147,37,17,0,21,56,260,2021,0,0,0,0,0,0,0,0,0,0,0,0,0,0,1,1789256.0,1.0,0,0,1,0,0,0,0,0,0,0,0,0,0,0,0,0,1,112414000.0,0.01591666518405181
Jahlil Okafor,25,DET,27,2,347,63,102,.618,2,9,.222,61,93,.656,.627,17,24,.708,23,43,66,13,6,5,21,39,145,2021,0,0,0,0,0,0,0,0,0,0,0,0,0,0,1,2089448.0,1.0,1,0,0,0,0,0,0,0,0,0,0,0,0,0,0,0,1,112414000.0,0.018587079901079936
Victor Oladipo,28,TOT,33,33,1080,235,576,.408,78,239,.326,157,337,.466,.476,104,138,.754,12,148,160,151,46,14,83,81,652,2021,0,0,0,0,0,0,0,1,0,0,0,0,0,1,1,2389641.0,1.0,0,0,0,0,0,0,0,0,0,0,0,1,0,0,0,0,1,112414000.0,0.021257503513797214
Kelly Olynyk,29,TOT,70,62,1997,337,697,.484,126,368,.342,211,329,.641,.574,145,175,.829,87,402,489,203,79,42,126,207,945,2021,0,0,0,0,0,0,0,0,0,0,0,0,0,0,1,37195122.0,3.0,0,1,0,0,0,0,0,0,0,0,0,0,0,0,0,0,1,112414000.0,0.11029208105751953
Kelly Oubre Jr,25,GSW,55,50,1687,318,724,.439,90,285,.316,228,439,.519,.501,123,177,.695,82,247,329,73,57,42,70,121,849,2021,0,0,0,0,0,0,0,0,0,0,0,0,0,0,1,25000000.0,2.0,0,0,0,0,0,0,0,1,0,0,0,0,0,0,0,0,1,112414000.0,0.1111961143629797
Patrick Patterson,31,LAC,38,5,582,72,165,.436,40,112,.357,32,53,.604,.558,13,17,.765,19,56,75,29,14,8,11,45,197,2021,0,0,0,0,0,0,0,0,0,0,0,0,0,0,1,2641691.0,1.0,0,0,1,0,0,0,0,0,0,0,0,0,0,0,0,0,1,112414000.0,0.023499661963812337
Chris Paul,35,PHO,70,70,2199,439,879,.499,102,258,.395,337,621,.543,.557,169,181,.934,25,287,312,622,99,19,156,166,1149,2021,0,0,0,0,1,1,0,0,0,0,0,0,0,0,1,120000000.0,4.0,0,0,0,0,0,1,0,0,0,0,0,0,0,0,0,0,1,112414000.0,0.26687067447115126
Cameron Payne,26,PHO,60,1,1079,191,395,.484,73,166,.440,118,229,.515,.576,50,56,.893,16,128,144,217,36,16,60,97,505,2021,0,0,0,0,0,0,0,0,0,0,0,0,0,0,1,19000000.0,3.0,0,0,0,0,0,1,0,0,0,0,0,0,0,0,0,0,1,112414000.0,0.05633936461057638
Elfrid Payton,26,NYK,63,63,1484,269,622,.432,28,98,.286,241,524,.460,.455,73,107,.682,64,152,216,203,47,9,103,116,639,2021,0,0,0,0,0,0,0,0,0,0,0,0,0,0,1,2239544.0,1.0,0,0,0,0,0,1,0,0,0,0,0,0,0,0,0,0,1,112414000.0,0.019922287259594
Reggie Perry,20,BRK,26,0,211,32,78,.410,4,21,.190,28,57,.491,.436,10,13,.769,27,46,73,14,6,6,15,40,78,2021,0,0,0,0,0,0,0,0,0,0,0,0,0,0,1,1489065.0,1.0,0,0,1,0,0,0,0,0,0,0,0,0,0,0,0,0,1,112414000.0,0.01324625936271283
Theo Pinson,25,NYK,17,0,34,1,9,.111,0,8,.000,1,1,1.000,.111,0,0,,0,5,5,1,0,0,1,4,2,2021,0,0,0,0,0,0,0,0,0,0,0,0,0,0,1,1729217.0,1.0,0,0,0,0,0,0,0,0,0,0,0,1,0,0,0,0,1,112414000.0,0.015382576903232694
Otto Porter Jr,27,TOT,28,6,606,98,227,.432,39,104,.375,59,123,.480,.518,36,42,.857,28,124,152,55,16,4,25,41,271,2021,0,0,0,0,0,0,0,0,0,0,0,0,0,0,1,2389641.0,1.0,0,0,0,0,0,0,0,0,0,1,0,0,0,0,0,0,1,112414000.0,0.021257503513797214
Bobby Portis,25,MIL,66,7,1372,313,598,.523,74,157,.471,239,441,.542,.585,54,73,.740,124,342,466,71,52,26,56,115,754,2021,0,0,0,0,0,0,0,0,0,0,0,0,0,0,1,8912580.0,2.0,1,0,0,0,0,0,0,0,0,0,0,0,0,0,0,0,1,112414000.0,0.03964177059796822
Norman Powell,27,TOT,69,58,2205,438,918,.477,171,416,.411,267,502,.532,.570,236,271,.871,42,173,215,129,82,18,119,160,1283,2021,0,0,0,0,0,0,0,0,0,0,0,0,0,0,1,90000000.0,5.0,0,0,0,0,0,0,0,0,0,0,0,0,0,0,1,0,1,112414000.0,0.16012240468269076
Chasson Randle,27,ORL,41,5,837,92,237,.388,44,130,.338,48,107,.449,.481,38,48,.792,7,75,82,74,22,5,46,64,266,2021,0,0,0,0,0,0,0,0,0,0,0,0,0,0,1,1789256.0,1.0,0,0,0,0,0,1,0,0,0,0,0,0,0,0,0,0,1,112414000.0,0.01591666518405181
Austin Rivers,28,TOT,36,7,845,104,245,.424,55,149,.369,49,96,.510,.537,22,31,.710,8,74,82,81,30,2,36,64,285,2021,0,0,0,0,0,0,0,0,0,0,0,0,0,0,1,2401537.0,1.0,0,0,0,0,0,0,0,0,0,0,0,1,0,0,0,0,1,112414000.0,0.021363326631914176
Duncan Robinson,26,MIA,72,72,2262,315,717,.439,250,613,.408,65,104,.625,.614,62,75,.827,7,243,250,127,43,20,81,181,942,2021,0,0,0,0,0,0,0,0,0,0,0,0,0,0,1,90000000.0,5.0,0,0,0,0,0,0,0,1,0,0,0,0,0,0,0,1,0,112414000.0,0.16012240468269076
Rajon Rondo,34,TOT,45,3,770,95,215,.442,36,89,.404,59,126,.468,.526,16,17,.941,18,92,110,199,37,4,79,53,242,2021,0,0,0,0,0,0,0,0,0,0,0,0,0,0,1,2641691.0,1.0,0,0,0,0,0,1,0,0,0,0,0,0,0,0,0,0,1,112414000.0,0.023499661963812337
Derrick Rose,32,TOT,50,3,1279,287,611,.470,50,129,.388,237,482,.492,.511,110,127,.866,20,110,130,209,49,19,78,56,734,2021,0,0,0,0,0,0,0,0,0,0,0,0,0,0,1,43562189.0,3.0,0,0,0,0,0,1,0,0,0,0,0,0,0,0,0,0,1,112414000.0,0.1291718973318863
Dennis Schroder,27,LAL,61,61,1956,332,760,.437,71,212,.335,261,548,.476,.484,206,243,.848,30,181,211,351,70,13,163,159,941,2021,0,0,0,0,0,0,0,0,0,0,0,0,0,0,1,5890000.0,1.0,0,0,0,0,0,0,0,0,0,0,0,1,0,0,0,0,1,112414000.0,0.05239560908783603
Chris Silva,24,TOT,15,0,92,10,16,.625,1,1,1.000,9,15,.600,.656,11,15,.733,7,20,27,6,1,6,10,24,32,2021,0,0,0,0,0,0,0,0,0,0,0,0,0,0,1,1669178.0,1.0,0,0,1,0,0,0,0,0,0,0,0,0,0,0,0,0,1,112414000.0,0.014848488622413579
Deividas Sirvydis,20,DET,20,0,133,14,40,.350,10,28,.357,4,12,.333,.475,3,6,.500,0,29,29,5,2,0,5,9,41,2021,0,0,0,0,0,0,0,0,0,0,0,0,0,0,1,1669178.0,1.0,0,0,0,0,0,0,0,0,0,0,0,1,0,0,0,0,1,112414000.0,0.014848488622413579
Dennis Smith Jr,23,TOT,23,9,420,58,145,.400,19,58,.328,39,87,.448,.466,19,26,.731,12,43,55,77,23,14,26,37,154,2021,0,0,0,0,0,0,0,0,0,0,0,0,0,0,1,1789256.0,1.0,0,0,0,0,0,1,0,0,0,0,0,0,0,0,0,0,1,112414000.0,0.01591666518405181
Ish Smith,32,WAS,44,1,924,129,297,.434,18,49,.367,111,248,.448,.465,19,33,.576,22,128,150,172,32,13,41,62,295,2021,0,0,0,0,0,0,0,0,0,0,0,0,0,0,1,9225000.0,2.0,0,0,0,0,0,1,0,0,0,0,0,0,0,0,0,0,1,112414000.0,0.04103136619993951
Tony Snell,29,ATL,47,23,992,88,171,.515,62,109,.569,26,62,.419,.696,11,11,1.000,18,94,112,59,13,11,21,75,249,2021,0,0,0,0,0,0,0,0,0,0,0,0,0,0,1,2389641.0,1.0,0,0,0,0,0,0,0,0,0,0,0,1,0,0,0,0,1,112414000.0,0.021257503513797214
Cassius Stanley,21,IND,24,0,93,13,43,.302,3,13,.231,10,30,.333,.337,7,9,.778,8,12,20,1,1,2,1,14,36,2021,0,0,0,0,0,0,0,0,0,0,0,0,0,0,1,1489065.0,1.0,0,0,0,0,0,0,0,0,0,0,0,1,0,0,0,0,1,112414000.0,0.01324625936271283
Max Strus,24,MIA,39,0,507,85,187,.455,50,148,.338,35,39,.897,.588,16,24,.667,5,36,41,24,11,2,8,43,236,2021,0,0,0,0,0,0,0,0,0,0,0,0,0,0,1,3421816.0,2.0,0,0,0,0,0,0,0,1,0,0,0,0,0,0,0,1,0,112414000.0,0.01521970573060295
Garrett Temple,34,CHI,56,25,1528,158,381,.415,67,200,.335,91,181,.503,.503,40,50,.800,29,131,160,124,43,30,58,126,423,2021,0,0,0,0,0,0,0,0,0,0,0,0,0,0,1,15466500.0,3.0,0,0,0,0,0,0,0,0,0,0,0,1,0,0,0,0,1,112414000.0,0.04586172540786735
Daniel Theis,28,TOT,65,51,1601,252,466,.541,49,152,.322,203,314,.646,.593,74,110,.673,93,263,356,108,41,57,66,167,627,2021,0,0,0,0,0,0,0,0,0,0,0,0,0,0,1,35605510.0,4.0,1,0,0,0,0,0,0,0,0,0,0,0,0,0,0,0,1,112414000.0,0.07918388723824435
Gary Trent Jr,22,TOT,58,38,1802,320,785,.408,165,429,.385,155,356,.435,.513,83,106,.783,27,125,152,80,56,10,43,92,888,2021,0,0,0,0,0,0,0,0,0,0,0,0,0,0,1,51840000.0,3.0,0,0,0,0,0,0,0,0,0,0,0,1,0,0,0,1,0,112414000.0,0.15371750849538313
PJ Tucker,35,TOT,52,33,1356,66,177,.373,40,119,.336,26,58,.448,.486,21,28,.750,51,153,204,61,39,20,40,125,193,2021,0,0,0,0,0,0,0,0,0,0,0,0,0,0,1,14350000.0,2.0,0,0,1,0,0,0,0,0,0,0,0,0,0,0,0,0,1,112414000.0,0.06382656964435035
Denzel Valentine,27,CHI,62,3,1036,155,416,.373,80,242,.331,75,174,.431,.469,16,17,.941,24,173,197,105,30,7,42,70,406,2021,0,0,0,0,0,0,0,0,0,0,0,0,0,0,1,4133270.0,2.0,0,0,0,0,0,0,0,0,0,0,0,1,0,0,0,0,1,112414000.0,0.018384142544522926
Jarred Vanderbilt,21,MIN,64,30,1139,143,236,.606,1,5,.200,142,231,.615,.608,57,102,.559,118,250,368,76,64,46,53,123,344,2021,0,0,0,0,0,0,0,0,0,0,0,0,0,0,1,13122000.0,3.0,0,0,1,0,0,0,0,0,0,0,0,0,0,0,0,1,0,112414000.0,0.038909744337893855
Gabe Vincent,24,MIA,50,7,655,88,233,.378,46,149,.309,42,84,.500,.476,20,23,.870,10,46,56,67,21,2,34,79,242,2021,0,0,0,0,0,0,0,0,0,0,0,0,0,0,1,3484855.0,2.0,0,0,0,0,0,1,0,0,0,0,0,0,0,0,0,1,0,112414000.0,0.015500093404736065
Moritz Wagner,23,TOT,45,24,722,104,229,.454,31,91,.341,73,138,.529,.522,71,87,.816,27,119,146,50,26,18,43,108,310,2021,0,0,0,0,0,0,0,0,0,0,0,0,0,0,1,3607937.0,2.0,1,0,0,0,0,0,0,0,0,0,0,0,0,0,0,0,1,112414000.0,0.016047543010657035
Kemba Walker,30,BOS,43,43,1369,284,676,.420,127,353,.360,157,323,.486,.514,134,149,.899,16,154,170,212,48,12,88,61,829,2021,0,0,0,0,0,0,0,1,0,0,0,0,0,0,1,17894491.0,2.0,0,0,0,0,0,1,0,0,0,0,0,0,0,0,0,0,1,112414000.0,0.07959191470813244
Tremont Waters,23,BOS,26,3,238,34,84,.405,15,38,.395,19,46,.413,.494,16,17,.941,5,16,21,62,15,1,27,17,99,2021,0,0,0,0,0,0,0,0,0,0,0,0,0,0,1,1669178.0,1.0,0,0,0,0,0,1,0,0,0,0,0,0,0,0,0,0,1,112414000.0,0.014848488622413579
Hassan Whiteside,31,SAC,36,4,546,126,224,.563,0,1,.000,126,223,.565,.563,41,79,.519,61,154,215,20,9,46,40,73,293,2021,0,0,0,0,0,0,0,0,0,0,0,0,0,0,1,2401537.0,1.0,1,0,0,0,0,0,0,0,0,0,0,0,0,0,0,0,1,112414000.0,0.021363326631914176
Lou Williams,34,TOT,66,4,1423,265,646,.410,69,173,.399,196,473,.414,.464,150,173,.867,21,117,138,225,47,6,108,62,749,2021,0,0,0,0,0,0,0,0,0,0,0,2,0,0,1,5000000.0,1.0,0,0,0,0,0,1,0,0,0,0,0,0,0,0,0,0,1,112414000.0,0.04447844574519188
DJ Wilson,24,TOT,35,1,433,68,168,.405,30,87,.345,38,81,.469,.494,17,25,.680,20,92,112,23,11,16,22,44,183,2021,0,0,0,0,0,0,0,0,0,0,0,0,0,0,1,1789256.0,1.0,0,0,1,0,0,0,0,0,0,0,0,0,0,0,0,0,1,112414000.0,0.01591666518405181
Justise Winslow,24,MEM,26,1,507,74,210,.352,10,54,.185,64,156,.410,.376,20,35,.571,18,100,118,50,15,12,37,47,178,2021,0,0,0,0,0,0,0,0,0,0,0,0,0,0,1,8000000.0,2.0,0,0,0,0,0,0,0,1,0,0,0,0,0,0,0,0,1,112414000.0,0.0355827565961535
Cody Zeller,28,CHO,48,21,1005,181,324,.559,4,28,.143,177,296,.598,.565,85,119,.714,119,209,328,86,27,17,51,121,451,2021,0,0,0,0,0,0,0,0,0,0,0,0,0,0,1,2389641.0,1.0,1,0,0,0,0,0,0,0,0,0,0,0,0,0,0,0,1,112414000.0,0.021257503513797214
