Player,Age,Tm,G,GS,MP,FG,FGA,FG%,3P,3PA,3P%,2P,2PA,2P%,eFG%,FT,FTA,FT%,ORB,DRB,TRB,AST,STL,BLK,TOV,PF,PTS,season,mvpLastSeason,mvpLast3Seasons,allNba1LastSeason,allNba1Last3Season,allNba2LastSeason,allNba2Last3Season,allNba3LastSeason,allNba3Last3Season,dpoyLastSeason,dpoyLast3Season,smoyLastSeason,smoyLast3Season,mipLastSeason,mipLast3Season,faSeason,contractAmt,contractTerm,Pos_C,Pos_C-PF,Pos_PF,Pos_PF-C,Pos_PF-SF,Pos_PG,Pos_PG-SG,Pos_SF,Pos_SF-C,Pos_SF-PF,Pos_SF-SG,Pos_SG,Pos_SG-PF,Pos_SG-PG,Pos_SG-SF,faType_RFA,faType_UFA,cap
LaMarcus Aldridge,36,BRK,47,12,1050,252,458,.550,14,46,.304,238,412,.578,.566,89,102,.873,73,185,258,42,14,47,44,78,607,2022,0,0,0,0,0,0,0,0,0,0,0,0,0,0,1,,,1,0,0,0,0,0,0,0,0,0,0,0,0,0,0,0,1,123655000.0
Kyle Anderson,28,MEM,69,11,1484,209,469,.446,36,109,.330,173,360,.481,.484,67,105,.638,69,299,368,183,77,45,71,108,521,2022,0,0,0,0,0,0,0,0,0,0,0,0,0,0,1,18000000.0,2.0,0,0,1,0,0,0,0,0,0,0,0,0,0,0,0,0,1,123655000.0
Carmelo Anthony,37,LAL,69,3,1793,319,723,.441,149,397,.375,170,326,.521,.544,132,159,.830,62,226,288,68,47,52,59,166,919,2022,0,0,0,0,0,0,0,0,0,0,0,0,0,0,1,,,0,0,1,0,0,0,0,0,0,0,0,0,0,0,0,0,1,123655000.0
Ryan Arcidiacono,27,NYK,10,0,76,6,12,.500,4,9,.444,2,3,.667,.667,0,0,,0,8,8,4,1,0,3,5,16,2022,0,0,0,0,0,0,0,0,0,0,0,0,0,0,1,,,0,0,0,0,0,1,0,0,0,0,0,0,0,0,0,0,1,123655000.0
DJ Augustin,34,TOT,55,2,883,94,222,.423,68,164,.415,26,58,.448,.577,38,43,.884,11,57,68,107,17,1,56,39,294,2022,0,0,0,0,0,0,0,0,0,0,0,0,0,0,1,,,0,0,0,0,0,1,0,0,0,0,0,0,0,0,0,0,1,123655000.0
Deandre Ayton,23,PHO,58,58,1713,442,697,.634,7,19,.368,435,678,.642,.639,106,142,.746,149,444,593,84,40,40,91,142,997,2022,0,0,0,0,0,0,0,0,0,0,0,0,0,0,1,,,1,0,0,0,0,0,0,0,0,0,0,0,0,0,0,1,0,123655000.0
Marvin Bagley III,22,TOT,48,25,1146,225,446,.504,23,97,.237,202,349,.579,.530,67,101,.663,105,233,338,36,22,18,39,93,540,2022,0,0,0,0,0,0,0,0,0,0,0,0,0,0,1,37500000.0,3.0,0,0,1,0,0,0,0,0,0,0,0,0,0,0,0,1,0,123655000.0
Mo Bamba,23,ORL,71,69,1824,296,617,.480,107,281,.381,189,336,.563,.566,57,73,.781,148,424,572,85,38,118,77,182,756,2022,0,0,0,0,0,0,0,0,0,0,0,0,0,0,1,21000000.0,2.0,1,0,0,0,0,0,0,0,0,0,0,0,0,0,0,0,1,123655000.0
Nicolas Batum,33,LAC,59,54,1462,179,387,.463,108,270,.400,71,117,.607,.602,25,38,.658,29,225,254,100,58,42,40,80,491,2022,0,0,0,0,0,0,0,0,0,0,0,0,0,0,1,22554168.0,2.0,0,0,1,0,0,0,0,0,0,0,0,0,0,0,0,0,1,123655000.0
Kent Bazemore,32,LAL,39,14,545,45,139,.324,29,80,.363,16,59,.271,.428,13,17,.765,13,56,69,34,25,9,21,70,132,2022,0,0,0,0,0,0,0,0,0,0,0,0,0,0,1,,,0,0,0,0,0,0,0,1,0,0,0,0,0,0,0,0,1,123655000.0
Bradley Beal,28,WAS,40,40,1439,348,771,.451,63,210,.300,285,561,.508,.492,169,203,.833,38,151,189,265,36,15,135,95,928,2022,0,0,0,0,0,0,1,1,0,0,0,0,0,0,1,251019650.0,5.0,0,0,0,0,0,0,0,0,0,0,0,1,0,0,0,0,1,123655000.0
Bismack Biyombo,29,PHO,36,3,506,86,145,.593,0,0,,86,145,.593,.593,38,71,.535,63,104,167,23,12,26,25,70,210,2022,0,0,0,0,0,0,0,0,0,0,0,0,0,0,1,2905851.0,1.0,1,0,0,0,0,0,0,0,0,0,0,0,0,0,0,0,1,123655000.0
Nemanja Bjelica,33,GSW,71,0,1142,160,342,.468,54,149,.362,106,193,.549,.547,59,81,.728,62,232,294,159,41,26,87,128,433,2022,0,0,0,0,0,0,0,0,0,0,0,0,0,0,1,,,1,0,0,0,0,0,0,0,0,0,0,0,0,0,0,0,1,123655000.0
Eric Bledsoe,32,LAC,54,29,1361,197,468,.421,51,163,.313,146,305,.479,.475,89,117,.761,28,154,182,225,69,19,116,85,534,2022,0,0,0,0,0,0,0,0,0,0,0,0,0,0,1,,,0,0,0,0,0,1,0,0,0,0,0,0,0,0,0,0,1,123655000.0
Keljin Blevins,26,POR,31,1,349,34,111,.306,21,72,.292,13,39,.333,.401,6,11,.545,16,29,45,19,13,1,17,29,95,2022,0,0,0,0,0,0,0,0,0,0,0,0,0,0,1,,,0,0,0,0,0,0,0,1,0,0,0,0,0,0,0,0,1,123655000.0
Bol Bol,22,DEN,14,0,81,15,27,.556,1,4,.250,14,23,.609,.574,2,5,.400,4,16,20,5,1,2,4,4,33,2022,0,0,0,0,0,0,0,0,0,0,0,0,0,0,1,3968718.0,2.0,0,0,1,0,0,0,0,0,0,0,0,0,0,0,0,0,1,123655000.0
Isaac Bonga,22,TOR,15,0,69,3,13,.231,1,4,.250,2,9,.222,.269,5,8,.625,4,3,7,4,8,2,2,10,12,2022,0,0,0,0,0,0,0,0,0,0,0,0,0,0,1,,,0,0,0,0,0,0,0,1,0,0,0,0,0,0,0,0,1,123655000.0
Chris Boucher,29,TOR,80,9,1690,268,577,.464,68,229,.297,200,348,.575,.523,150,193,.777,179,315,494,25,49,75,42,174,754,2022,0,0,0,0,0,0,0,0,0,0,0,0,0,0,1,35250000.0,3.0,0,0,1,0,0,0,0,0,0,0,0,0,0,0,0,0,1,123655000.0
Avery Bradley,31,LAL,62,45,1406,148,350,.423,82,210,.390,66,140,.471,.540,16,18,.889,31,105,136,47,53,9,38,118,394,2022,0,0,0,0,0,0,0,0,0,0,0,0,0,0,1,,,0,0,0,0,0,0,0,0,0,0,0,1,0,0,0,0,1,123655000.0
Ignas Brazdeikis,23,ORL,42,1,536,81,188,.431,27,87,.310,54,101,.535,.503,21,32,.656,23,49,72,37,10,3,17,48,210,2022,0,0,0,0,0,0,0,0,0,0,0,0,0,0,1,,,0,0,0,0,0,0,0,1,0,0,0,0,0,0,0,0,1,123655000.0
Miles Bridges,23,CHO,80,80,2837,596,1214,.491,154,465,.331,442,749,.590,.554,267,333,.802,90,469,559,300,74,67,150,193,1613,2022,0,0,0,0,0,0,0,0,0,0,0,0,0,0,1,,,0,0,1,0,0,0,0,0,0,0,0,0,0,0,0,1,0,123655000.0
Moses Brown,22,TOT,40,6,345,64,108,.593,0,0,,64,108,.593,.593,43,72,.597,39,96,135,1,7,16,20,53,171,2022,0,0,0,0,0,0,0,0,0,0,0,0,0,0,1,,,1,0,0,0,0,0,0,0,0,0,0,0,0,0,0,0,1,123655000.0
Troy Brown Jr,22,CHI,66,7,1055,108,258,.419,47,133,.353,61,125,.488,.510,20,26,.769,39,164,203,66,36,5,26,62,283,2022,0,0,0,0,0,0,0,0,0,0,0,0,0,0,1,1968185.0,1.0,0,0,0,0,0,0,0,1,0,0,0,0,0,0,0,0,1,123655000.0
Jalen Brunson,25,DAL,79,61,2524,506,1008,.502,94,252,.373,412,756,.545,.549,179,213,.840,43,266,309,377,66,3,124,151,1285,2022,0,0,0,0,0,0,0,0,0,0,0,0,0,0,1,104000000.0,4.0,0,0,0,0,0,1,0,0,0,0,0,0,0,0,0,0,1,123655000.0
Thomas Bryant,24,WAS,27,9,439,77,148,.520,12,42,.286,65,106,.613,.561,35,40,.875,26,82,108,23,6,21,19,43,201,2022,0,0,0,0,0,0,0,0,0,0,0,0,0,0,1,2133278.0,1.0,1,0,0,0,0,0,0,0,0,0,0,0,0,0,0,0,1,123655000.0
Devontae Cacok,25,SAS,15,0,121,21,31,.677,0,0,,21,31,.677,.677,4,7,.571,8,34,42,6,8,7,3,16,46,2022,0,0,0,0,0,0,0,0,0,0,0,0,0,0,1,,,0,0,1,0,0,0,0,0,0,0,0,0,0,0,0,0,1,123655000.0
Facundo Campazzo,30,DEN,65,4,1184,107,296,.361,58,193,.301,49,103,.476,.459,60,78,.769,23,94,117,220,63,23,67,124,332,2022,0,0,0,0,0,0,0,0,0,0,0,0,0,0,1,,,0,0,0,0,0,1,0,0,0,0,0,0,0,0,0,0,1,123655000.0
Vlatko Cancar,24,DEN,15,1,176,23,41,.561,7,12,.583,16,29,.552,.646,9,14,.643,8,23,31,17,2,3,9,18,62,2022,0,0,0,0,0,0,0,0,0,0,0,0,0,0,1,6815324.0,3.0,0,0,1,0,0,0,0,0,0,0,0,0,0,0,0,1,0,123655000.0
Jevon Carter,26,TOT,66,3,905,98,253,.387,66,170,.388,32,83,.386,.518,15,18,.833,14,96,110,96,24,14,34,67,277,2022,0,0,0,0,0,0,0,0,0,0,0,0,0,0,1,4339943.0,2.0,0,0,0,0,0,1,0,0,0,0,0,0,0,0,0,0,1,123655000.0
Justin Champagnie,20,TOR,36,0,281,31,67,.463,10,28,.357,21,39,.538,.537,9,9,1.000,37,35,72,11,8,4,8,32,81,2022,0,0,0,0,0,0,0,0,0,0,0,0,0,0,1,,,0,0,0,0,0,0,0,1,0,0,0,0,0,0,0,1,0,123655000.0
Chris Chiozza,26,GSW,34,1,372,24,81,.296,17,53,.321,7,28,.250,.401,2,3,.667,9,27,36,65,13,0,32,32,67,2022,0,0,0,0,0,0,0,0,0,0,0,0,0,0,1,,,0,0,0,0,0,1,0,0,0,0,0,0,0,0,0,0,1,123655000.0
Gary Clark,27,NOP,38,1,378,33,88,.375,28,70,.400,5,18,.278,.534,7,10,.700,23,67,90,18,13,7,10,20,101,2022,0,0,0,0,0,0,0,0,0,0,0,0,0,0,1,,,0,0,1,0,0,0,0,0,0,0,0,0,0,0,0,0,1,123655000.0
Nic Claxton,22,BRK,47,19,974,178,264,.674,0,0,,178,264,.674,.674,54,93,.581,91,173,264,43,24,51,38,110,410,2022,0,0,0,0,0,0,0,0,0,0,0,0,0,0,1,20000000.0,2.0,1,0,0,0,0,0,0,0,0,0,0,0,0,0,0,1,0,123655000.0
Amir Coffey,24,LAC,69,30,1567,211,466,.453,96,254,.378,115,212,.542,.556,101,117,.863,26,171,197,124,38,15,45,87,619,2022,0,0,0,0,0,0,0,0,0,0,0,0,0,0,1,11000000.0,3.0,0,0,0,0,0,0,0,0,0,0,0,1,0,0,0,1,0,123655000.0
Tyler Cook,24,CHI,20,2,200,23,38,.605,0,0,,23,38,.605,.605,21,32,.656,16,37,53,3,4,4,7,28,67,2022,0,0,0,0,0,0,0,0,0,0,0,0,0,0,1,,,0,0,1,0,0,0,0,0,0,0,0,0,0,0,0,0,1,123655000.0
Sharife Cooper,20,ATL,13,0,39,3,14,.214,1,6,.167,2,8,.250,.250,0,0,,0,5,5,5,0,0,5,1,7,2022,0,0,0,0,0,0,0,0,0,0,0,0,0,0,1,,,0,0,0,0,0,1,0,0,0,0,0,0,0,0,0,1,0,123655000.0
DeMarcus Cousins,31,TOT,48,7,718,149,324,.460,37,122,.303,112,202,.554,.517,95,125,.760,74,196,270,71,35,21,85,139,430,2022,0,0,0,0,0,0,0,0,0,0,0,0,0,0,1,,,1,0,0,0,0,0,0,0,0,0,0,0,0,0,0,0,1,123655000.0
Jarrett Culver,22,MEM,37,0,338,51,135,.378,12,47,.255,39,88,.443,.422,16,34,.471,13,35,48,33,20,5,20,42,130,2022,0,0,0,0,0,0,0,0,0,0,0,0,0,0,1,,,0,0,0,0,0,0,0,0,0,0,0,1,0,0,0,0,1,123655000.0
Ed Davis,32,CLE,31,3,201,11,16,.688,0,0,,11,16,.688,.688,6,14,.429,14,50,64,7,3,9,5,33,28,2022,0,0,0,0,0,0,0,0,0,0,0,0,0,0,1,,,1,0,0,0,0,0,0,0,0,0,0,0,0,0,0,0,1,123655000.0
Dewayne Dedmon,32,MIA,67,15,1065,164,290,.566,19,47,.404,145,243,.597,.598,75,100,.750,105,281,386,47,24,42,70,174,422,2022,0,0,0,0,0,0,0,0,0,0,0,0,0,0,1,9024000.0,2.0,1,0,0,0,0,0,0,0,0,0,0,0,0,0,0,0,1,123655000.0
Gorgui Dieng,32,ATL,44,3,371,53,112,.473,29,68,.426,24,44,.545,.603,19,26,.731,32,89,121,34,11,13,20,52,154,2022,0,0,0,0,0,0,0,0,0,0,0,0,0,0,1,,1.0,1,0,0,0,0,0,0,0,0,0,0,0,0,0,0,0,1,123655000.0
Donte DiVincenzo,25,TOT,42,1,1006,118,336,.351,74,218,.339,44,118,.373,.461,70,83,.843,40,130,170,118,48,8,72,69,380,2022,0,0,0,0,0,0,0,0,0,0,0,0,0,0,1,9225000.0,2.0,0,0,0,0,0,0,0,0,0,0,0,1,0,0,0,0,1,123655000.0
Luguentz Dort,22,OKC,51,51,1665,293,726,.404,130,391,.332,163,335,.487,.493,161,191,.843,38,174,212,88,46,18,88,149,877,2022,0,0,0,0,0,0,0,0,0,0,0,0,0,0,1,82500000.0,5.0,0,0,0,0,0,0,0,1,0,0,0,0,0,0,0,1,0,123655000.0
Goran Dragic,35,TOT,21,8,498,57,151,.377,16,63,.254,41,88,.466,.430,27,33,.818,13,52,65,86,19,4,34,45,157,2022,0,0,0,0,0,0,0,0,0,0,0,0,0,0,1,2905851.0,1.0,0,0,0,0,0,1,0,0,0,0,0,0,0,0,0,0,1,123655000.0
Andre Drummond,28,TOT,73,36,1437,247,433,.570,0,3,.000,247,430,.574,.570,86,164,.524,229,451,680,131,78,68,115,192,580,2022,0,0,0,0,0,0,0,0,0,0,0,0,0,0,1,6600000.0,2.0,1,0,0,0,0,0,0,0,0,0,0,0,0,0,0,0,1,123655000.0
David Duke Jr,22,BRK,22,7,341,39,108,.361,9,37,.243,30,71,.423,.403,17,21,.810,30,37,67,17,14,7,9,36,104,2022,0,0,0,0,0,0,0,0,0,0,0,0,0,0,1,,,0,0,0,0,0,1,0,0,0,0,0,0,0,0,0,1,0,123655000.0
Carsen Edwards,23,DET,4,0,79,9,30,.300,4,16,.250,5,14,.357,.367,1,1,1.000,2,4,6,14,2,0,5,4,23,2022,0,0,0,0,0,0,0,0,0,0,0,0,0,0,1,,,0,0,0,0,0,0,0,0,0,0,0,1,0,0,0,0,1,123655000.0
Kessler Edwards,21,BRK,48,23,987,110,267,.412,48,136,.353,62,131,.473,.502,16,19,.842,44,128,172,31,29,24,42,85,284,2022,0,0,0,0,0,0,0,0,0,0,0,0,0,0,1,3565862.0,2.0,0,0,0,0,0,0,0,1,0,0,0,0,0,0,0,0,1,123655000.0
CJ Elleby,21,POR,58,28,1174,121,308,.393,37,126,.294,84,182,.462,.453,60,84,.714,66,161,227,87,35,19,56,116,339,2022,0,0,0,0,0,0,0,0,0,0,0,0,0,0,1,,,0,0,0,0,0,0,0,1,0,0,0,0,0,0,0,0,1,123655000.0
Wayne Ellington,34,LAL,43,9,810,98,237,.414,82,211,.389,16,26,.615,.586,9,11,.818,10,67,77,30,23,5,19,42,287,2022,0,0,0,0,0,0,0,0,0,0,0,0,0,0,1,,,0,0,0,0,0,0,0,0,0,0,0,1,0,0,0,0,1,123655000.0
Drew Eubanks,24,TOT,71,31,1245,221,371,.596,5,23,.217,216,348,.621,.602,99,130,.762,130,252,382,85,31,40,81,122,546,2022,0,0,0,0,0,0,0,0,0,0,0,0,0,0,1,1968175.0,1.0,1,0,0,0,0,0,0,0,0,0,0,0,0,0,0,0,1,123655000.0
Bruno Fernando,23,TOT,30,0,152,36,55,.655,1,2,.500,35,53,.660,.664,15,24,.625,18,37,55,7,1,11,14,24,88,2022,0,0,0,0,0,0,0,0,0,0,0,0,0,0,1,,,1,0,0,0,0,0,0,0,0,0,0,0,0,0,0,0,1,123655000.0
Bryn Forbes,28,TOT,75,2,1286,231,539,.429,122,295,.414,109,244,.447,.542,79,87,.908,10,83,93,75,25,5,56,95,663,2022,0,0,0,0,0,0,0,0,0,0,0,0,0,0,1,2298385.0,1.0,0,0,0,0,0,0,0,0,0,0,0,1,0,0,0,0,1,123655000.0
Trent Forrest,23,UTA,60,6,765,76,155,.490,5,27,.185,71,128,.555,.506,38,48,.792,23,76,99,106,30,6,48,43,195,2022,0,0,0,0,0,0,0,0,0,0,0,0,0,0,1,,,0,0,0,0,0,1,0,0,0,0,0,0,0,0,0,0,1,123655000.0
Melvin Frazier,25,OKC,3,0,120,13,48,.271,1,21,.048,12,27,.444,.281,5,7,.714,5,8,13,1,1,0,3,8,32,2022,0,0,0,0,0,0,0,0,0,0,0,0,0,0,1,,,0,0,0,0,0,0,0,0,0,0,0,1,0,0,0,0,1,123655000.0
Danilo Gallinari,33,ATL,66,18,1672,259,597,.434,112,294,.381,147,303,.485,.528,141,156,.904,35,273,308,101,28,12,38,93,771,2022,0,0,0,0,0,0,0,0,0,0,0,0,0,0,1,,,0,0,1,0,0,0,0,0,0,0,0,0,0,0,0,0,1,123655000.0
Luka Garza,23,DET,32,5,389,66,147,.449,16,49,.327,50,98,.510,.503,38,61,.623,58,42,100,20,9,6,18,55,186,2022,0,0,0,0,0,0,0,0,0,0,0,0,0,0,1,,,1,0,0,0,0,0,0,0,0,0,0,0,0,0,0,1,0,123655000.0
Taj Gibson,36,NYK,52,4,946,86,166,.518,15,38,.395,71,128,.555,.563,42,52,.808,88,141,229,32,22,40,27,137,229,2022,0,0,0,0,0,0,0,0,0,0,0,0,0,0,1,,,1,0,0,0,0,0,0,0,0,0,0,0,0,0,0,0,1,123655000.0
Anthony Gill,29,WAS,44,0,463,62,109,.569,14,26,.538,48,83,.578,.633,42,52,.808,33,52,85,27,5,11,18,58,180,2022,0,0,0,0,0,0,0,0,0,0,0,0,0,0,1,3833328.0,2.0,0,0,1,0,0,0,0,0,0,0,0,0,0,0,0,1,0,123655000.0
Brandon Goodwin,26,CLE,36,5,502,64,154,.416,19,55,.345,45,99,.455,.477,24,38,.632,14,53,67,91,25,1,36,39,171,2022,0,0,0,0,0,0,0,0,0,0,0,0,0,0,1,,,0,0,0,0,0,1,0,0,0,0,0,0,0,0,0,0,1,123655000.0
Blake Griffin,32,BRK,56,24,958,133,313,.425,38,145,.262,95,168,.565,.486,55,76,.724,60,168,228,105,27,14,31,95,359,2022,0,0,0,0,0,0,0,1,0,0,0,0,0,0,1,,,0,0,1,0,0,0,0,0,0,0,0,0,0,0,0,0,1,123655000.0
James Harden,32,TOT,65,65,2419,407,992,.410,148,448,.330,259,544,.476,.485,470,536,.877,55,445,500,667,82,36,284,153,1432,2022,0,0,0,2,0,0,0,0,0,0,0,0,0,0,1,68000000.0,2.0,0,0,0,0,0,0,1,0,0,0,0,0,0,0,0,0,1,123655000.0
Jared Harper,24,NOP,5,0,43,14,26,.538,5,12,.417,9,14,.643,.635,4,4,1.000,2,0,2,14,4,1,2,5,37,2022,0,0,0,0,0,0,0,0,0,0,0,0,0,0,1,,,0,0,0,0,0,1,0,0,0,0,0,0,0,0,0,0,1,123655000.0
Montrezl Harrell,28,TOT,71,3,1641,358,555,.645,4,17,.235,354,538,.658,.649,212,296,.716,149,282,431,145,29,43,72,137,932,2022,0,0,0,0,0,0,0,0,0,0,0,1,0,0,1,,,1,0,0,0,0,0,0,0,0,0,0,0,0,0,0,0,1,123655000.0
Isaiah Hartenstein,23,LAC,68,0,1216,229,366,.626,14,30,.467,215,336,.640,.645,91,132,.689,117,215,332,160,50,77,84,167,563,2022,0,0,0,0,0,0,0,0,0,0,0,0,0,0,1,16000000.0,2.0,1,0,0,0,0,0,0,0,0,0,0,0,0,0,0,0,1,123655000.0
Udonis Haslem,41,MIA,13,0,83,14,31,.452,1,4,.250,13,27,.481,.468,3,3,1.000,4,21,25,4,1,1,5,15,32,2022,0,0,0,0,0,0,0,0,0,0,0,0,0,0,1,,,1,0,0,0,0,0,0,0,0,0,0,0,0,0,0,0,1,123655000.0
Sam Hauser,24,BOS,26,0,158,23,50,.460,19,44,.432,4,6,.667,.650,0,0,,5,24,29,10,1,2,2,7,65,2022,0,0,0,0,0,0,0,0,0,0,0,0,0,0,1,5658206.0,3.0,0,0,0,0,0,0,0,1,0,0,0,0,0,0,0,0,1,123655000.0
Juancho Hernangomez,26,TOT,40,9,445,44,106,.415,24,69,.348,20,37,.541,.528,19,34,.559,28,72,100,20,14,10,16,25,131,2022,0,0,0,0,0,0,0,0,0,0,0,0,0,0,1,,,0,0,1,0,0,0,0,0,0,0,0,0,0,0,0,0,1,123655000.0
Malcolm Hill,26,TOT,19,0,212,24,52,.462,13,36,.361,11,16,.688,.587,11,14,.786,11,24,35,8,7,3,3,24,72,2022,0,0,0,0,0,0,0,0,0,0,0,0,0,0,1,,,0,0,0,0,0,0,0,0,0,0,1,0,0,0,0,1,0,123655000.0
Nate Hinton,22,IND,2,0,2,0,1,.000,0,0,,0,1,.000,.000,0,0,,0,0,0,0,0,0,1,0,0,2022,0,0,0,0,0,0,0,0,0,0,0,0,0,0,1,,,0,0,0,0,0,0,0,0,0,0,0,1,0,0,0,0,1,123655000.0
Aaron Holiday,25,TOT,63,15,1021,151,338,.447,39,103,.379,112,235,.477,.504,59,68,.868,24,98,122,153,42,9,67,92,400,2022,0,0,0,0,0,0,0,0,0,0,0,0,0,0,1,1968175.0,1.0,0,0,0,0,0,1,0,0,0,0,0,0,0,0,0,0,1,123655000.0
Rodney Hood,29,TOT,52,0,709,58,157,.369,30,91,.330,28,66,.424,.465,17,19,.895,15,62,77,38,15,6,11,31,163,2022,0,0,0,0,0,0,0,0,0,0,0,0,0,0,1,,,0,0,0,0,0,0,0,0,0,0,1,0,0,0,0,0,1,123655000.0
Danuel House Jr,28,TOT,42,7,727,80,198,.404,44,117,.376,36,81,.444,.515,44,58,.759,18,93,111,44,21,17,33,51,248,2022,0,0,0,0,0,0,0,0,0,0,0,0,0,0,1,8415250.0,2.0,0,0,0,0,0,0,0,1,0,0,0,0,0,0,0,0,1,123655000.0
Dwight Howard,36,LAL,60,27,971,134,219,.612,8,15,.533,126,204,.618,.630,96,146,.658,118,238,356,35,34,36,47,115,372,2022,0,0,0,0,0,0,0,0,0,0,0,0,0,0,1,,,1,0,0,0,0,0,0,0,0,0,0,0,0,0,0,0,1,123655000.0
Markus Howard,22,DEN,31,0,176,39,101,.386,28,70,.400,11,31,.355,.525,20,23,.870,2,10,12,7,9,0,7,17,126,2022,0,0,0,0,0,0,0,0,0,0,0,0,0,0,1,,,0,0,0,0,0,0,0,0,0,0,0,1,0,0,0,0,1,123655000.0
Elijah Hughes,23,TOT,36,4,434,47,144,.326,25,95,.263,22,49,.449,.413,7,9,.778,6,52,58,22,14,8,17,39,126,2022,0,0,0,0,0,0,0,0,0,0,0,0,0,0,1,,,0,0,0,0,0,0,0,0,0,0,0,0,0,0,1,0,1,123655000.0
Serge Ibaka,32,TOT,54,12,877,148,296,.500,37,99,.374,111,197,.563,.563,32,44,.727,62,188,250,49,11,33,43,102,365,2022,0,0,0,0,0,0,0,0,0,0,0,0,0,0,1,,1.0,0,1,0,0,0,0,0,0,0,0,0,0,0,0,0,0,1,123655000.0
Andre Iguodala,38,GSW,31,0,603,46,121,.380,17,74,.230,29,47,.617,.450,15,20,.750,21,79,100,114,27,22,28,34,124,2022,0,0,0,0,0,0,0,0,0,0,0,0,0,0,1,,,0,0,0,0,0,0,0,1,0,0,0,0,0,0,0,0,1,123655000.0
Joe Ingles,34,UTA,45,15,1122,115,285,.404,78,225,.347,37,60,.617,.540,17,22,.773,12,119,131,158,23,5,46,82,325,2022,0,0,0,0,0,0,0,0,0,0,0,0,0,0,1,6479000.0,1.0,0,0,0,0,0,0,0,1,0,0,0,0,0,0,0,0,1,123655000.0
Frank Jackson,23,DET,53,7,1164,194,483,.402,86,279,.308,108,204,.529,.491,86,104,.827,19,68,87,55,27,9,38,89,560,2022,0,0,0,0,0,0,0,0,0,0,0,0,0,0,1,,,0,0,0,0,0,1,0,0,0,0,0,0,0,0,0,0,1,123655000.0
Josh Jackson,24,TOT,51,3,830,120,300,.400,33,130,.254,87,170,.512,.455,55,77,.714,21,120,141,54,26,22,47,88,328,2022,0,0,0,0,0,0,0,0,0,0,0,0,0,0,1,,,0,0,0,0,0,0,0,1,0,0,0,0,0,0,0,0,1,123655000.0
David Johnson,20,TOR,2,0,2,0,1,.000,0,1,.000,0,0,,.000,0,0,,0,0,0,0,0,0,0,0,0,2022,0,0,0,0,0,0,0,0,0,0,0,0,0,0,1,,,0,0,0,0,0,0,0,0,0,0,0,1,0,0,0,1,0,123655000.0
Damian Jones,26,SAC,56,15,1017,175,266,.658,10,29,.345,165,237,.696,.677,94,131,.718,75,171,246,69,26,47,59,130,454,2022,0,0,0,0,0,0,0,0,0,0,0,0,0,0,1,4885050.0,2.0,1,0,0,0,0,0,0,0,0,0,0,0,0,0,0,0,1,123655000.0
Derrick Jones Jr,24,CHI,51,8,899,105,195,.538,20,61,.328,85,134,.634,.590,56,70,.800,60,109,169,30,25,33,30,105,286,2022,0,0,0,0,0,0,0,0,0,0,0,0,0,0,1,6600000.0,2.0,0,0,1,0,0,0,0,0,0,0,0,0,0,0,0,0,1,123655000.0
Mason Jones,23,LAL,4,0,51,7,15,.467,1,4,.250,6,11,.545,.500,12,15,.800,1,9,10,4,2,0,1,8,27,2022,0,0,0,0,0,0,0,0,0,0,0,0,0,0,1,,,0,0,0,0,0,0,0,0,0,0,0,1,0,0,0,0,1,123655000.0
Tyus Jones,25,MEM,73,23,1549,249,552,.451,80,205,.390,169,347,.487,.524,54,66,.818,17,159,176,324,66,2,46,32,632,2022,0,0,0,0,0,0,0,0,0,0,0,0,0,0,1,29000000.0,2.0,0,0,0,0,0,1,0,0,0,0,0,0,0,0,0,0,1,123655000.0
DeAndre Jordan,33,TOT,48,20,622,92,143,.643,0,0,,92,143,.643,.643,22,40,.550,83,181,264,21,12,35,37,71,206,2022,0,0,0,0,0,0,0,0,0,0,0,0,0,0,1,2905851.0,1.0,1,0,0,0,0,0,0,0,0,0,0,0,0,0,0,0,1,123655000.0
Nathan Knight,24,MIN,37,2,267,45,88,.511,4,13,.308,41,75,.547,.534,44,60,.733,32,53,85,22,7,8,18,42,138,2022,0,0,0,0,0,0,0,0,0,0,0,0,0,0,1,,,0,0,1,0,0,0,0,0,0,0,0,0,0,0,0,1,0,123655000.0
Kevin Knox,22,TOT,30,0,222,31,85,.365,15,54,.278,16,31,.516,.453,16,22,.727,14,30,44,10,4,2,7,19,93,2022,0,0,0,0,0,0,0,0,0,0,0,0,0,0,1,6000000.0,2.0,0,0,0,0,0,0,0,1,0,0,0,0,0,0,0,0,1,123655000.0
Luke Kornet,26,TOT,15,0,103,13,27,.481,0,5,.000,13,22,.591,.481,4,6,.667,13,16,29,9,3,3,0,9,30,2022,0,0,0,0,0,0,0,0,0,0,0,0,0,0,1,4546582.0,2.0,1,0,0,0,0,0,0,0,0,0,0,0,0,0,0,0,1,123655000.0
Arnoldas Kulboka,24,CHO,2,0,5,0,1,.000,0,1,.000,0,0,,.000,0,0,,0,0,0,0,0,0,0,1,0,2022,0,0,0,0,0,0,0,0,0,0,0,0,0,0,1,,,0,0,0,0,0,0,0,1,0,0,0,0,0,0,0,0,1,123655000.0
Anthony Lamb,24,SAS,2,0,8,0,2,.000,0,2,.000,0,0,,.000,0,0,,0,1,1,2,0,0,0,0,0,2022,0,0,0,0,0,0,0,0,0,0,0,0,0,0,1,,,0,0,0,0,0,0,0,1,0,0,0,0,0,0,0,0,1,123655000.0
Jeremy Lamb,29,TOT,56,0,935,133,347,.383,55,170,.324,78,177,.441,.463,89,106,.840,26,128,154,81,31,22,37,59,410,2022,0,0,0,0,0,0,0,0,0,0,0,0,0,0,1,,,0,0,0,0,0,0,0,0,0,0,1,0,0,0,0,0,1,123655000.0
Zach LaVine,26,CHI,67,67,2328,565,1186,.476,185,475,.389,380,711,.534,.554,320,375,.853,22,286,308,303,41,23,171,120,1635,2022,0,0,0,0,0,0,0,0,0,0,0,0,0,0,1,215159700.0,5.0,0,0,0,0,0,0,0,1,0,0,0,0,0,0,0,0,1,123655000.0
Jake Layman,27,MIN,34,1,231,30,73,.411,8,35,.229,22,38,.579,.466,13,18,.722,6,30,36,9,7,5,10,12,81,2022,0,0,0,0,0,0,0,0,0,0,0,0,0,0,1,,,0,0,0,0,0,0,0,1,0,0,0,0,0,0,0,0,1,123655000.0
Damion Lee,29,GSW,63,5,1256,169,383,.441,63,187,.337,106,196,.541,.523,66,75,.880,27,176,203,63,39,6,38,95,467,2022,0,0,0,0,0,0,0,0,0,0,0,0,0,0,1,2133278.0,1.0,0,0,0,0,0,0,0,0,0,0,0,1,0,0,0,0,1,123655000.0
Scottie Lewis,21,CHO,2,0,7,0,0,,0,0,,0,0,,,1,2,.500,0,0,0,1,1,0,0,0,1,2022,0,0,0,0,0,0,0,0,0,0,0,0,0,0,1,,,0,0,0,0,0,0,0,0,0,0,0,1,0,0,0,0,1,123655000.0
Kevon Looney,25,GSW,82,80,1732,208,364,.571,0,1,.000,208,363,.573,.571,75,125,.600,208,388,596,165,50,52,67,215,491,2022,0,0,0,0,0,0,0,0,0,0,0,0,0,0,1,25500000.0,3.0,1,0,0,0,0,0,0,0,0,0,0,0,0,0,0,0,1,123655000.0
Robin Lopez,33,ORL,36,9,612,110,199,.553,2,6,.333,108,193,.560,.558,32,54,.593,68,58,126,54,2,18,44,67,254,2022,0,0,0,0,0,0,0,0,0,0,0,0,0,0,1,2905851.0,1.0,1,0,0,0,0,0,0,0,0,0,0,0,0,0,0,0,1,123655000.0
Gabriel Lundberg,27,PHO,4,0,44,5,19,.263,3,8,.375,2,11,.182,.342,0,0,,2,5,7,11,3,0,3,7,13,2022,0,0,0,0,0,0,0,0,0,0,0,0,0,0,1,,,0,0,0,0,0,0,0,0,0,0,0,1,0,0,0,0,1,123655000.0
Caleb Martin,26,MIA,60,12,1372,208,410,.507,64,155,.413,144,255,.565,.585,71,93,.763,70,160,230,64,58,30,52,104,551,2022,0,0,0,0,0,0,0,0,0,0,0,0,0,0,1,20500000.0,3.0,0,0,0,0,0,0,0,1,0,0,0,0,0,0,0,1,0,123655000.0
Cody Martin,26,CHO,71,11,1866,204,423,.482,61,159,.384,143,264,.542,.554,75,107,.701,82,203,285,179,88,32,61,116,544,2022,0,0,0,0,0,0,0,0,0,0,0,0,0,0,1,31360000.0,4.0,0,0,0,0,0,0,0,1,0,0,0,0,0,0,0,1,0,123655000.0
Wesley Matthews,35,MIL,49,14,1002,87,220,.395,53,157,.338,34,63,.540,.516,22,28,.786,30,62,92,36,23,8,18,87,249,2022,0,0,0,0,0,0,0,0,0,0,0,0,0,0,1,2905851.0,1.0,0,0,0,0,0,0,0,0,0,0,0,1,0,0,0,0,1,123655000.0
Skylar Mays,24,ATL,28,5,220,32,64,.500,8,25,.320,24,39,.615,.563,8,9,.889,5,20,25,17,7,0,10,9,80,2022,0,0,0,0,0,0,0,0,0,0,0,0,0,0,1,,,0,0,0,0,0,0,0,0,0,0,0,1,0,0,0,0,1,123655000.0
Mac McClung,23,TOT,2,0,25,3,6,.500,1,3,.333,2,3,.667,.583,1,1,1.000,0,3,3,1,1,1,3,5,8,2022,0,0,0,0,0,0,0,0,0,0,0,0,0,0,1,,,0,0,0,0,0,0,0,0,0,0,0,0,0,1,0,0,1,123655000.0
JaVale McGee,34,PHO,74,17,1172,288,458,.629,2,9,.222,286,449,.637,.631,102,146,.699,163,333,496,42,22,81,98,181,680,2022,0,0,0,0,0,0,0,0,0,0,0,0,0,0,1,20408850.0,3.0,1,0,0,0,0,0,0,0,0,0,0,0,0,0,0,0,1,123655000.0
Rodney McGruder,30,DET,51,2,754,98,225,.436,58,146,.397,40,79,.506,.564,19,26,.731,31,80,111,48,21,7,24,58,273,2022,0,0,0,0,0,0,0,0,0,0,0,0,0,0,1,,,0,0,0,0,0,0,0,0,0,0,0,1,0,0,0,0,1,123655000.0
Ben McLemore,28,POR,64,6,1285,216,539,.401,151,417,.362,65,122,.533,.541,72,88,.818,12,91,103,59,38,10,55,103,655,2022,0,0,0,0,0,0,0,0,0,0,0,0,0,0,1,,,0,0,0,0,0,0,0,0,0,0,0,1,0,0,0,0,1,123655000.0
Patty Mills,33,BRK,81,48,2346,324,794,.408,227,568,.400,97,226,.429,.551,48,59,.814,18,138,156,183,51,17,73,112,923,2022,0,0,0,0,0,0,0,0,0,0,0,0,0,0,1,14500000.0,2.0,0,0,0,0,0,1,0,0,0,0,0,0,0,0,0,0,1,123655000.0
Paul Millsap,36,TOT,33,1,376,45,115,.391,8,35,.229,37,80,.463,.426,17,24,.708,41,73,114,29,10,13,19,67,115,2022,0,0,0,0,0,0,0,0,0,0,0,0,0,0,1,,,0,0,1,0,0,0,0,0,0,0,0,0,0,0,0,0,1,123655000.0
Malik Monk,23,LAL,76,37,2139,391,826,.473,173,442,.391,218,384,.568,.578,93,117,.795,37,219,256,218,61,29,122,138,1048,2022,0,0,0,0,0,0,0,0,0,0,0,0,0,0,1,19418049.0,2.0,0,0,0,0,0,0,0,0,0,0,0,1,0,0,0,0,1,123655000.0
Greg Monroe,31,TOT,14,0,195,32,57,.561,0,0,,32,57,.561,.561,12,23,.522,30,34,64,22,8,10,12,24,76,2022,0,0,0,0,0,0,0,0,0,0,0,0,0,0,1,,,1,0,0,0,0,0,0,0,0,0,0,0,0,0,0,0,1,123655000.0
Xavier Moon,27,LAC,10,0,137,25,51,.490,5,14,.357,20,37,.541,.539,3,5,.600,2,12,14,24,7,3,6,9,58,2022,0,0,0,0,0,0,0,0,0,0,0,0,0,0,1,,,0,0,0,0,0,0,0,0,0,0,0,1,0,0,0,0,1,123655000.0
Markieff Morris,32,MIA,17,1,298,54,114,.474,13,39,.333,41,75,.547,.531,8,9,.889,17,28,45,23,6,1,20,33,129,2022,0,0,0,0,0,0,0,0,0,0,0,0,0,0,1,,,0,0,1,0,0,0,0,0,0,0,0,0,0,0,0,0,1,123655000.0
Raul Neto,29,WAS,70,19,1372,204,441,.463,35,120,.292,169,321,.526,.502,83,108,.769,13,121,134,217,55,3,79,104,526,2022,0,0,0,0,0,0,0,0,0,0,0,0,0,0,1,2463490.0,1.0,0,0,0,0,0,1,0,0,0,0,0,0,0,0,0,0,1,123655000.0
Jusuf Nurkic,27,POR,56,56,1579,321,600,.535,15,56,.268,306,544,.563,.548,185,268,.690,167,452,619,157,62,34,143,189,842,2022,0,0,0,0,0,0,0,0,0,0,0,0,0,0,1,70000000.0,4.0,1,0,0,0,0,0,0,0,0,0,0,0,0,0,0,0,1,123655000.0
Jordan Nwora,23,MIL,62,13,1185,186,462,.403,79,227,.348,107,235,.455,.488,36,43,.837,37,184,221,59,25,17,57,78,487,2022,0,0,0,0,0,0,0,0,0,0,0,0,0,0,1,,,0,0,0,0,0,0,0,1,0,0,0,0,0,0,0,1,0,123655000.0
Josh Okogie,23,MIN,49,6,516,42,104,.404,14,47,.298,28,57,.491,.471,35,51,.686,29,41,70,25,26,12,23,53,133,2022,0,0,0,0,0,0,0,0,0,0,0,0,0,0,1,1968175.0,1.0,0,0,0,0,0,0,0,0,0,0,0,1,0,0,0,0,1,123655000.0
Victor Oladipo,29,MIA,8,1,173,35,73,.479,15,36,.417,20,37,.541,.582,14,19,.737,3,20,23,28,5,1,16,13,99,2022,0,0,0,0,0,0,0,0,0,0,0,0,0,0,1,18000000.0,2.0,0,0,0,0,0,0,0,0,0,0,0,1,0,0,0,0,1,123655000.0
Eric Paschall,25,UTA,58,3,736,114,235,.485,40,108,.370,74,127,.583,.570,66,86,.767,30,76,106,36,9,5,27,51,334,2022,0,0,0,0,0,0,0,0,0,0,0,0,0,0,1,,,0,0,1,0,0,0,0,0,0,0,0,0,0,0,0,0,1,123655000.0
Elfrid Payton,27,PHO,50,1,549,67,175,.383,4,18,.222,63,157,.401,.394,12,32,.375,21,67,88,99,25,6,47,38,150,2022,0,0,0,0,0,0,0,0,0,0,0,0,0,0,1,,,0,0,0,0,0,1,0,0,0,0,0,0,0,0,0,0,1,123655000.0
Gary Payton II,29,GSW,71,16,1247,212,344,.616,43,120,.358,169,224,.754,.679,35,58,.603,72,175,247,64,96,22,40,131,502,2022,0,0,0,0,0,0,0,0,0,0,0,0,0,0,1,26145000.0,3.0,0,0,0,0,0,1,0,0,0,0,0,0,0,0,0,0,1,123655000.0
Jamorko Pickett,24,DET,13,0,176,18,50,.360,13,39,.333,5,11,.455,.490,1,2,.500,6,26,32,7,0,7,5,12,50,2022,0,0,0,0,0,0,0,0,0,0,0,0,0,0,1,,,0,0,1,0,0,0,0,0,0,0,0,0,0,0,0,0,1,123655000.0
Theo Pinson,26,DAL,19,0,148,14,39,.359,10,30,.333,4,9,.444,.487,10,10,1.000,2,19,21,17,5,2,5,12,48,2022,0,0,0,0,0,0,0,0,0,0,0,0,0,0,1,1968175.0,1.0,0,0,0,0,0,0,0,1,0,0,0,0,0,0,0,1,0,123655000.0
Yves Pons,22,MEM,12,0,71,5,16,.313,3,9,.333,2,7,.286,.406,0,2,.000,5,7,12,1,1,4,1,6,13,2022,0,0,0,0,0,0,0,0,0,0,0,0,0,0,1,,,0,0,0,0,0,0,0,1,0,0,0,0,0,0,0,0,1,123655000.0
Otto Porter Jr,28,GSW,63,15,1396,193,416,.464,80,216,.370,113,200,.565,.560,49,61,.803,86,276,362,94,68,29,37,83,515,2022,0,0,0,0,0,0,0,0,0,0,0,0,0,0,1,12300000.0,2.0,0,0,1,0,0,0,0,0,0,0,0,0,0,0,0,0,1,123655000.0
Bobby Portis,26,MIL,72,59,2028,417,871,.479,133,338,.393,284,533,.533,.555,85,113,.752,180,477,657,86,53,51,90,174,1052,2022,0,0,0,0,0,0,0,0,0,0,0,0,0,0,1,48578208.0,4.0,1,0,0,0,0,0,0,0,0,0,0,0,0,0,0,0,1,123655000.0
Myles Powell,24,PHI,11,0,52,5,17,.294,1,6,.167,4,11,.364,.324,2,2,1.000,1,5,6,3,1,0,3,8,13,2022,0,0,0,0,0,0,0,0,0,0,0,0,0,0,1,,,0,0,0,0,0,1,0,0,0,0,0,0,0,0,0,0,1,123655000.0
Trevelin Queen,24,HOU,10,0,74,15,33,.455,9,24,.375,6,9,.667,.591,4,4,1.000,7,9,16,4,5,1,7,6,43,2022,0,0,0,0,0,0,0,0,0,0,0,0,0,0,1,3565862.0,2.0,0,0,0,0,0,0,0,0,0,0,0,1,0,0,0,0,1,123655000.0
Neemias Queta,22,SAC,14,0,120,17,38,.447,0,0,,17,38,.447,.447,11,17,.647,14,17,31,6,1,8,6,18,45,2022,0,0,0,0,0,0,0,0,0,0,0,0,0,0,1,,1.0,1,0,0,0,0,0,0,0,0,0,0,0,0,0,0,1,0,123655000.0
Davon Reed,26,DEN,48,5,668,81,161,.503,37,86,.430,44,75,.587,.618,10,15,.667,14,94,108,53,24,9,16,63,209,2022,0,0,0,0,0,0,0,0,0,0,0,0,0,0,1,3968718.0,2.0,0,0,0,0,0,0,0,0,0,0,0,1,0,0,0,1,0,123655000.0
Austin Rivers,29,DEN,67,18,1480,146,350,.417,79,231,.342,67,119,.563,.530,32,44,.727,19,95,114,90,51,6,54,121,403,2022,0,0,0,0,0,0,0,0,0,0,0,0,0,0,1,,,0,0,0,0,0,0,0,0,0,0,0,1,0,0,0,0,1,123655000.0
Mitchell Robinson,23,NYK,72,62,1848,261,343,.761,0,0,,261,343,.761,.761,88,181,.486,295,322,617,38,58,133,60,195,610,2022,0,0,0,0,0,0,0,0,0,0,0,0,0,0,1,60000000.0,4.0,1,0,0,0,0,0,0,0,0,0,0,0,0,0,0,0,1,123655000.0
Rajon Rondo,35,TOT,39,1,697,68,176,.386,31,88,.352,37,88,.420,.474,19,26,.731,15,93,108,170,30,6,68,56,186,2022,0,0,0,0,0,0,0,0,0,0,0,0,0,0,1,,,0,0,0,0,0,1,0,0,0,0,0,0,0,0,0,0,1,123655000.0
Ricky Rubio,31,CLE,34,8,970,149,411,.363,59,174,.339,90,237,.380,.434,88,103,.854,15,126,141,225,49,7,90,75,445,2022,0,0,0,0,0,0,0,0,0,0,0,0,0,0,1,18400000.0,3.0,0,0,0,0,0,1,0,0,0,0,0,0,0,0,0,0,1,123655000.0
Matt Ryan,24,BOS,1,0,5,1,5,.200,1,5,.200,0,0,,.300,0,0,,0,0,0,0,1,0,0,0,3,2022,0,0,0,0,0,0,0,0,0,0,0,0,0,0,1,,,0,0,0,0,0,0,0,1,0,0,0,0,0,0,0,0,1,123655000.0
Tomas Satoransky,30,TOT,55,13,906,72,191,.377,11,53,.208,61,138,.442,.406,43,54,.796,27,99,126,184,29,5,46,71,198,2022,0,0,0,0,0,0,0,0,0,0,0,0,0,0,1,,,0,0,0,0,0,0,0,0,0,0,0,1,0,0,0,0,1,123655000.0
Admiral Schofield,24,ORL,38,1,469,54,129,.419,26,79,.329,28,50,.560,.519,12,15,.800,17,72,89,25,4,5,21,58,146,2022,0,0,0,0,0,0,0,0,0,0,0,0,0,0,1,,,0,0,0,0,0,0,0,1,0,0,0,0,0,0,0,1,0,123655000.0
Dennis Schroder,28,TOT,64,29,1837,312,724,.431,86,250,.344,226,474,.477,.490,157,184,.853,34,180,214,296,53,8,143,154,867,2022,0,0,0,0,0,0,0,0,0,0,0,0,0,0,1,,,0,0,0,0,0,0,0,0,0,0,0,0,0,1,0,0,1,123655000.0
Jay Scrubb,21,LAC,18,0,121,18,46,.391,6,21,.286,12,25,.480,.457,7,10,.700,2,14,16,8,4,3,7,9,49,2022,0,0,0,0,0,0,0,0,0,0,0,0,0,0,1,,,0,0,0,0,0,0,0,0,0,0,0,1,0,0,0,0,1,123655000.0
Collin Sexton,23,CLE,11,11,316,68,151,.450,11,45,.244,57,106,.538,.487,29,39,.744,13,23,36,23,10,0,31,25,176,2022,0,0,0,0,0,0,0,0,0,0,0,0,0,0,1,,,0,0,0,0,0,0,0,0,0,0,0,1,0,0,0,1,0,123655000.0
Anfernee Simons,22,POR,57,30,1681,353,797,.443,179,442,.405,174,355,.490,.555,103,116,.888,26,125,151,221,30,6,115,110,988,2022,0,0,0,0,0,0,0,0,0,0,0,0,0,0,1,100000000.0,4.0,0,0,0,0,0,0,0,0,0,0,0,1,0,0,0,1,0,123655000.0
Jalen Smith,21,TOT,51,8,925,176,350,.503,40,122,.328,136,228,.596,.560,78,102,.765,101,206,307,24,15,41,42,96,470,2022,0,0,0,0,0,0,0,0,0,0,0,0,0,0,1,15131319.0,3.0,0,0,1,0,0,0,0,0,0,0,0,0,0,0,0,0,1,123655000.0
Tony Snell,30,TOT,53,12,823,69,171,.404,45,128,.352,24,43,.558,.535,4,4,1.000,16,87,103,28,16,9,19,70,187,2022,0,0,0,0,0,0,0,0,0,0,0,0,0,0,1,,,0,0,0,0,0,0,0,0,0,0,0,1,0,0,0,0,1,123655000.0
Lance Stephenson,31,TOT,46,1,814,147,323,.455,27,90,.300,120,233,.515,.497,63,80,.788,12,115,127,165,24,4,72,96,384,2022,0,0,0,0,0,0,0,0,0,0,0,0,0,0,1,,,0,0,0,0,0,0,0,0,0,0,0,0,0,0,1,0,1,123655000.0
Jae'Sean Tate,26,HOU,78,77,2056,363,729,.498,63,202,.312,300,527,.569,.541,130,184,.707,135,285,420,222,72,41,139,286,919,2022,0,0,0,0,0,0,0,0,0,0,0,0,0,0,1,20630434.0,3.0,0,0,0,0,0,0,0,1,0,0,0,0,0,0,0,1,0,123655000.0
Brodric Thomas,25,BOS,12,0,60,8,18,.444,2,9,.222,6,9,.667,.500,3,5,.600,2,8,10,11,1,1,6,7,21,2022,0,0,0,0,0,0,0,0,0,0,0,0,0,0,1,,,0,0,0,0,0,0,0,0,0,0,0,1,0,0,0,1,0,123655000.0
Isaiah Thomas,32,TOT,22,1,333,67,167,.401,28,83,.337,39,84,.464,.485,22,26,.846,4,25,29,34,7,5,15,34,184,2022,0,0,0,0,0,0,0,0,0,0,0,0,0,0,1,,,0,0,0,0,0,1,0,0,0,0,0,0,0,0,0,0,1,123655000.0
Matt Thomas,27,CHI,40,0,459,55,134,.410,35,91,.385,20,43,.465,.541,16,20,.800,3,47,50,20,8,3,8,18,161,2022,0,0,0,0,0,0,0,0,0,0,0,0,0,0,1,,,0,0,0,0,0,0,0,0,0,0,0,1,0,0,0,0,1,123655000.0
Tristan Thompson,30,TOT,57,6,897,141,267,.528,1,3,.333,140,264,.530,.530,61,116,.526,120,168,288,34,23,21,45,98,344,2022,0,0,0,0,0,0,0,0,0,0,0,0,0,0,1,,,0,0,1,0,0,0,0,0,0,0,0,0,0,0,0,0,1,123655000.0
Juan Toscano-Anderson,28,GSW,73,6,994,115,235,.489,28,87,.322,87,148,.588,.549,40,70,.571,28,148,176,127,48,17,68,115,298,2022,0,0,0,0,0,0,0,0,0,0,0,0,0,0,1,1902133.0,1.0,0,0,0,0,0,0,0,1,0,0,0,0,0,0,0,0,1,123655000.0
PJ Tucker,36,MIA,71,70,1981,207,428,.484,80,193,.415,127,235,.540,.577,45,61,.738,100,287,387,149,58,15,66,161,539,2022,0,0,0,0,0,0,0,0,0,0,0,0,0,0,1,33043500.0,3.0,0,0,1,0,0,0,0,0,0,0,0,0,0,0,0,0,1,123655000.0
Rayjon Tucker,24,TOT,5,0,71,6,9,.667,4,5,.800,2,4,.500,.889,5,7,.714,3,5,8,10,4,0,1,5,21,2022,0,0,0,0,0,0,0,0,0,0,0,0,0,0,1,,,0,0,0,0,0,0,0,0,0,0,0,1,0,0,0,0,1,123655000.0
Lonnie Walker IV,23,SAS,70,6,1612,311,764,.407,111,353,.314,200,411,.487,.480,116,148,.784,18,163,181,152,44,19,71,98,849,2022,0,0,0,0,0,0,0,0,0,0,0,0,0,0,1,6479000.0,1.0,0,0,0,0,0,0,0,0,0,0,0,1,0,0,0,0,1,123655000.0
Yuta Watanabe,27,TOR,38,4,445,56,138,.406,27,79,.342,29,59,.492,.504,24,40,.600,18,74,92,21,11,16,19,38,163,2022,0,0,0,0,0,0,0,0,0,0,0,0,0,0,1,,,0,0,0,0,0,0,0,1,0,0,0,0,0,0,0,0,1,123655000.0
Quinndary Weatherspoon,25,GSW,11,0,73,12,21,.571,1,5,.200,11,16,.688,.595,5,5,1.000,2,12,14,5,1,1,3,15,30,2022,0,0,0,0,0,0,0,0,0,0,0,0,0,0,1,,,0,0,0,0,0,0,0,0,0,0,0,1,0,0,0,1,0,123655000.0
Hassan Whiteside,32,UTA,65,8,1162,215,330,.652,0,0,,215,330,.652,.652,104,167,.623,166,328,494,26,22,103,53,179,534,2022,0,0,0,0,0,0,0,0,0,0,0,0,0,0,1,,,1,0,0,0,0,0,0,0,0,0,0,0,0,0,0,0,1,123655000.0
Joe Wieskamp,22,SAS,29,0,205,20,56,.357,14,43,.326,6,13,.462,.482,7,13,.538,4,10,14,9,4,3,2,14,61,2022,0,0,0,0,0,0,0,0,0,0,0,0,0,0,1,,,0,0,0,0,0,0,0,0,0,0,0,1,0,0,0,1,0,123655000.0
Lou Williams,35,ATL,56,0,799,125,320,.391,37,102,.363,88,218,.404,.448,67,78,.859,16,71,87,105,28,3,43,48,354,2022,0,0,0,0,0,0,0,0,0,0,0,1,0,0,1,,,0,0,0,0,0,1,0,0,0,0,0,0,0,0,0,0,1,123655000.0
DJ Wilson,25,TOR,4,1,54,11,15,.733,0,2,.000,11,13,.846,.733,8,10,.800,1,15,16,5,5,1,2,6,30,2022,0,0,0,0,0,0,0,0,0,0,0,0,0,0,1,4546582.0,2.0,0,0,1,0,0,0,0,0,0,0,0,0,0,0,0,0,1,123655000.0
Cassius Winston,23,WAS,7,0,39,4,11,.364,2,6,.333,2,5,.400,.455,4,4,1.000,0,1,1,7,0,0,3,9,14,2022,0,0,0,0,0,0,0,0,0,0,0,0,0,0,1,,,0,0,0,0,0,1,0,0,0,0,0,0,0,0,0,0,1,123655000.0
Robert Woodard II,22,SAC,12,0,42,2,16,.125,1,4,.250,1,12,.083,.156,2,2,1.000,5,6,11,3,1,1,1,3,7,2022,0,0,0,0,0,0,0,0,0,0,0,0,0,0,1,,,0,0,0,0,0,0,0,1,0,0,0,0,0,0,0,0,1,123655000.0
Delon Wright,29,ATL,77,8,1452,122,269,.454,44,116,.379,78,153,.510,.535,54,63,.857,50,170,220,188,93,19,45,56,342,2022,0,0,0,0,0,0,0,0,0,0,0,0,0,0,1,16000000.0,2.0,0,0,0,0,0,0,0,0,0,0,0,1,0,0,0,0,1,123655000.0
McKinley Wright IV,23,MIN,5,0,19,2,3,.667,1,2,.500,1,1,1.000,.833,0,0,,0,0,0,3,0,0,1,1,5,2022,0,0,0,0,0,0,0,0,0,0,0,0,0,0,1,,,0,0,0,0,0,1,0,0,0,0,0,0,0,0,0,0,1,123655000.0
Moses Wright,23,TOT,4,0,14,1,4,.250,0,1,.000,1,3,.333,.250,3,3,1.000,1,2,3,2,0,1,0,0,5,2022,0,0,0,0,0,0,0,0,0,0,0,0,0,0,1,,,0,0,1,0,0,0,0,0,0,0,0,0,0,0,0,0,1,123655000.0
Gabe York,28,IND,2,0,21,2,7,.286,1,6,.167,1,1,1.000,.357,3,5,.600,0,2,2,4,2,1,1,4,8,2022,0,0,0,0,0,0,0,0,0,0,0,0,0,0,1,,,0,0,0,0,0,0,0,0,0,0,0,1,0,0,0,0,1,123655000.0
